# Host: 172.16.2.188:3305  (Version: 5.6.21-log)
# Date: 2015-05-26 14:05:12
# Generator: MySQL-Front 5.3  (Build 4.198)

/*!40101 SET NAMES utf8 */;

#
# Structure for table "department"
#

DROP TABLE IF EXISTS `department`;
CREATE TABLE `department` (
  `dep_id` int(11) NOT NULL AUTO_INCREMENT,
  `dep_manager` int(11) DEFAULT NULL COMMENT '部门经理，外键',
  `dep_des` varchar(255) DEFAULT NULL COMMENT '描述',
  `dep_name` varchar(128) DEFAULT NULL COMMENT '部门名称，系统软件部',
  `dep_bak_manger` int(11) DEFAULT '-1' COMMENT '-1无待签人',
  `dep_bak_validate` int(11) DEFAULT '0' COMMENT '待签是否有效,0无效，1有效',
  `dep_top` int(11) DEFAULT '7' COMMENT '0：为顶级部门， >0：为子部门',
  PRIMARY KEY (`dep_id`),
  KEY `dep_number` (`dep_id`),
  KEY `dep_manager` (`dep_manager`)
) ENGINE=InnoDB AUTO_INCREMENT=13 DEFAULT CHARSET=utf8;

#
# Data for table "department"
#

INSERT INTO `department` VALUES (1,16,'系统硬件部','系统硬件部',17,0,7),(2,26,'系统软件部','系统软件部',-1,0,7),(3,88,'应用研发部','应用研发部',-1,0,7),(4,88,'中试部','中试部',-1,0,7),(5,45,'质量部','质量部',-1,0,7),(6,48,'工艺部','工艺部',-1,0,7),(7,88,'研发体系(顶级部门)','研发体系',1,0,0),(8,5,'开关组','开关组',-1,0,3),(9,33,'中试组','中试组',-1,0,4),(11,4,'应用研发软件组(包括仿真组)','应用研发软件组',-1,0,3),(12,88,'研发管理组','研发管理组',-1,0,7);

#
# Structure for table "permissions"
#

DROP TABLE IF EXISTS `permissions`;
CREATE TABLE `permissions` (
  `Id` int(11) NOT NULL AUTO_INCREMENT,
  `permiss_dc` varchar(255) NOT NULL DEFAULT '',
  PRIMARY KEY (`Id`),
  UNIQUE KEY `permiss_dc` (`permiss_dc`)
) ENGINE=InnoDB AUTO_INCREMENT=18 DEFAULT CHARSET=utf8 COMMENT='权限表';

#
# Data for table "permissions"
#

INSERT INTO `permissions` VALUES (1,'新建部门任务'),(2,'新建项目任务'),(3,'任务评审及点评'),(4,'任务评分'),(6,'变更一级评审'),(7,'变更二级评审'),(8,'项目经理点评'),(13,'项目任务管理'),(14,'部门任务管理'),(15,'后台管理'),(16,'分配项目任务'),(17,'分配部门任务');

#
# Structure for table "role"
#

DROP TABLE IF EXISTS `role`;
CREATE TABLE `role` (
  `role_id` int(11) NOT NULL AUTO_INCREMENT,
  `role_name` varchar(255) NOT NULL DEFAULT '' COMMENT '角色',
  `role_des` varchar(255) DEFAULT NULL COMMENT '描述',
  PRIMARY KEY (`role_id`),
  UNIQUE KEY `role_name` (`role_name`)
) ENGINE=InnoDB AUTO_INCREMENT=8 DEFAULT CHARSET=utf8;

#
# Data for table "role"
#

INSERT INTO `role` VALUES (1,'研发工程师',NULL),(2,'部门经理',NULL),(3,'项目经理',NULL),(4,'副总经理',NULL),(5,'系统管理',NULL),(6,'部门主管',NULL),(7,'管理员',NULL);

#
# Structure for table "role_map"
#

DROP TABLE IF EXISTS `role_map`;
CREATE TABLE `role_map` (
  `Id` int(11) NOT NULL AUTO_INCREMENT,
  `role_id` int(11) NOT NULL DEFAULT '0' COMMENT '角色Id',
  `permiss_id` int(11) NOT NULL DEFAULT '0' COMMENT '权利',
  PRIMARY KEY (`Id`),
  KEY `role_id` (`role_id`),
  KEY `permiss_id` (`permiss_id`),
  CONSTRAINT `role_map_ibfk_1` FOREIGN KEY (`role_id`) REFERENCES `role` (`role_id`),
  CONSTRAINT `role_map_ibfk_2` FOREIGN KEY (`permiss_id`) REFERENCES `permissions` (`Id`)
) ENGINE=InnoDB AUTO_INCREMENT=48 DEFAULT CHARSET=utf8 COMMENT='角色映射表';

#
# Data for table "role_map"
#

INSERT INTO `role_map` VALUES (1,1,1),(2,1,2),(3,2,1),(4,2,2),(5,2,3),(6,2,4),(7,2,6),(9,2,13),(10,2,14),(11,3,1),(12,3,2),(13,3,8),(14,3,13),(15,4,1),(16,4,2),(17,4,3),(18,4,4),(19,4,7),(20,4,13),(21,4,14),(22,5,1),(23,5,2),(24,5,13),(25,5,14),(26,5,15),(27,6,1),(28,6,2),(29,6,3),(30,6,4),(31,7,1),(32,6,16),(33,6,17),(34,3,16),(35,7,16),(36,7,2),(37,1,6),(38,7,6),(39,4,6),(40,6,6),(41,4,16),(42,4,17),(44,7,13),(45,7,14),(46,7,15),(47,6,14);

#
# Structure for table "status"
#

DROP TABLE IF EXISTS `status`;
CREATE TABLE `status` (
  `id` int(11) NOT NULL AUTO_INCREMENT,
  `status_name` varchar(255) DEFAULT NULL,
  PRIMARY KEY (`id`)
) ENGINE=InnoDB AUTO_INCREMENT=12 DEFAULT CHARSET=utf8 COMMENT='任务状态';

#
# Data for table "status"
#

INSERT INTO `status` VALUES (1,'新建中'),(2,'审核中'),(3,'未开始'),(4,'进行中'),(5,'待评分'),(6,'关闭'),(7,'挂起'),(8,'中止'),(9,'待主管审核变更'),(10,'待副总审核变更'),(11,'暂停');

#
# Structure for table "timetype"
#

DROP TABLE IF EXISTS `timetype`;
CREATE TABLE `timetype` (
  `id` int(11) NOT NULL AUTO_INCREMENT,
  `timeType_name` varchar(255) DEFAULT NULL,
  PRIMARY KEY (`id`),
  KEY `id` (`id`)
) ENGINE=InnoDB AUTO_INCREMENT=18 DEFAULT CHARSET=utf8 COMMENT='此表id号必须连续';

#
# Data for table "timetype"
#

INSERT INTO `timetype` VALUES (1,'基础性研究类'),(2,'GLS-200类'),(3,'同期类'),(4,'无扰动项目类'),(5,'备自投类'),(6,'快切类'),(7,'涌流抑制器类'),(8,'开关站综合自动化类'),(9,'通讯类'),(10,'工程技术部的屏体结构设计'),(11,'公司使用类设备'),(12,'技能学习及培训'),(13,'研发管理'),(14,'工艺工程类'),(15,'质量管理'),(16,'知识产权、政府资助、资质申报'),(17,'其他（与研发不相关工作）');

#
# Structure for table "user"
#

DROP TABLE IF EXISTS `user`;
CREATE TABLE `user` (
  `user_id` int(11) NOT NULL AUTO_INCREMENT,
  `user_name` varchar(255) NOT NULL DEFAULT '',
  `user_login_name` varchar(255) NOT NULL DEFAULT '' COMMENT '登陆名称',
  `user_depid` int(11) DEFAULT NULL COMMENT '部门id，外键',
  `user_roleid` int(11) DEFAULT NULL COMMENT '角色，外键',
  `user_status` varchar(255) DEFAULT '在职' COMMENT '状态，在职，离职',
  `user_pwd` varchar(255) DEFAULT '' COMMENT '登陆系统密码,经过md5加密后的密码',
  `m_online` int(11) NOT NULL DEFAULT '0',
  PRIMARY KEY (`user_id`),
  UNIQUE KEY `user_name` (`user_name`,`user_login_name`),
  KEY `user_depid` (`user_depid`),
  KEY `user_roleid` (`user_roleid`),
  CONSTRAINT `user_ibfk_1` FOREIGN KEY (`user_depid`) REFERENCES `department` (`dep_id`)
) ENGINE=InnoDB AUTO_INCREMENT=89 DEFAULT CHARSET=utf8;

#
# Data for table "user"
#

INSERT INTO `user` VALUES (1,'符教妮','fujiaoni',12,7,'在职','d41d8cd98f00b204e9800998ecf8427e',0),(2,'包晓红','baoxiaohong',12,1,'在职','d41d8cd98f00b204e9800998ecf8427e',0),(3,'唐馨','tangxin',12,7,'在职','d41d8cd98f00b204e9800998ecf8427e',0),(4,'陈曙玲','chenshuling',11,6,'在职','d41d8cd98f00b204e9800998ecf8427e',0),(5,'朱守焰','zhushouyan',8,6,'在职','d41d8cd98f00b204e9800998ecf8427e',0),(6,'冯绍宁','fengshaoning',11,1,'在职','d41d8cd98f00b204e9800998ecf8427e',0),(7,'邸亚妮','diyani',11,1,'在职','d41d8cd98f00b204e9800998ecf8427e',0),(8,'陶鑫','taoxin',11,3,'在职','d41d8cd98f00b204e9800998ecf8427e',0),(9,'于海艳','yuhaiyan',11,1,'在职','d41d8cd98f00b204e9800998ecf8427e',0),(10,'肖振宇','xiaozhenyu',11,1,'在职','d41d8cd98f00b204e9800998ecf8427e',0),(11,'黎海涛','lihaitao',8,1,'在职','d41d8cd98f00b204e9800998ecf8427e',0),(12,'孟庆洋','mengqingyang',8,1,'在职','d41d8cd98f00b204e9800998ecf8427e',0),(13,'张锋','zhangfeng',8,1,'在职','d41d8cd98f00b204e9800998ecf8427e',0),(14,'罗永枝','luoyongzhi',8,1,'在职','d41d8cd98f00b204e9800998ecf8427e',0),(15,'皮志林','pizhilin',8,1,'在职','d41d8cd98f00b204e9800998ecf8427e',0),(16,'赵永辉','zhaoyonghui',1,2,'在职','d41d8cd98f00b204e9800998ecf8427e',0),(17,'徐鹏程','xupengcheng',1,1,'在职','d41d8cd98f00b204e9800998ecf8427e',0),(18,'林捷','linjie',1,1,'在职','d41d8cd98f00b204e9800998ecf8427e',0),(19,'杨威','yangwei',1,1,'在职','d41d8cd98f00b204e9800998ecf8427e',0),(20,'陶园','taoyuan',1,1,'在职','d41d8cd98f00b204e9800998ecf8427e',0),(21,'王晶晶','wangjingjing',1,1,'在职','d41d8cd98f00b204e9800998ecf8427e',0),(22,'唐海涛','tanghaitao',1,1,'在职','d41d8cd98f00b204e9800998ecf8427e',0),(23,'刘彬彬','liubinbin',1,1,'在职','d41d8cd98f00b204e9800998ecf8427e',0),(24,'张瑜','zhangyu',1,1,'在职','d41d8cd98f00b204e9800998ecf8427e',0),(25,'陈荣','chenrong',1,1,'在职','d41d8cd98f00b204e9800998ecf8427e',0),(26,'谭斌','tanbin',2,2,'在职','d41d8cd98f00b204e9800998ecf8427e',0),(27,'王帅','wangshuai',2,3,'在职','d41d8cd98f00b204e9800998ecf8427e',0),(28,'刘鹏','liupeng',2,1,'在职','d41d8cd98f00b204e9800998ecf8427e',0),(29,'万耿栋','wangengdong',2,1,'在职','d41d8cd98f00b204e9800998ecf8427e',0),(30,'宋海良','songhailiang',2,1,'在职','d41d8cd98f00b204e9800998ecf8427e',0),(31,'黎慧珍','lihuizhen',2,7,'在职','d41d8cd98f00b204e9800998ecf8427e',0),(32,'韦志远','weizhiyuan',2,1,'在职','d41d8cd98f00b204e9800998ecf8427e',0),(33,'李芬','lifen',9,1,'在职','d41d8cd98f00b204e9800998ecf8427e',0),(34,'罗三汉','luosanhan',9,1,'在职','d41d8cd98f00b204e9800998ecf8427e',0),(35,'王庆波','wangqingbo',9,1,'在职','d41d8cd98f00b204e9800998ecf8427e',0),(36,'翟玉艳','zhaiyuyan',9,1,'在职','d41d8cd98f00b204e9800998ecf8427e',0),(37,'李平生','lipingsheng',11,1,'在职','d41d8cd98f00b204e9800998ecf8427e',0),(38,'庚天祥','gengtianxiang',9,1,'在职','d41d8cd98f00b204e9800998ecf8427e',0),(39,'唐坤','tangkun',9,1,'离职','d41d8cd98f00b204e9800998ecf8427e',0),(40,'康楠','kannan',9,1,'在职','d41d8cd98f00b204e9800998ecf8427e',0),(41,'吴忠','wuzhong',9,1,'在职','d41d8cd98f00b204e9800998ecf8427e',0),(42,'潘宇玲','panyuling',9,1,'在职','d41d8cd98f00b204e9800998ecf8427e',0),(43,'曾旭军','zengxunjun',4,1,'在职','d41d8cd98f00b204e9800998ecf8427e',0),(44,'林振壮','linzhenzhuang',4,1,'在职','d41d8cd98f00b204e9800998ecf8427e',0),(45,'肖璇','xiaoxuan',5,1,'在职','d41d8cd98f00b204e9800998ecf8427e',0),(46,'赵琳','zhaolin',5,1,'在职','d41d8cd98f00b204e9800998ecf8427e',0),(47,'郑秀明','zhengxiuming',5,1,'在职','d41d8cd98f00b204e9800998ecf8427e',0),(48,'杨明智','yangmingzhi',6,1,'在职','d41d8cd98f00b204e9800998ecf8427e',0),(49,'丁建明','dingjianming',6,1,'在职','d41d8cd98f00b204e9800998ecf8427e',0),(50,'芦亮','luliang',6,1,'在职','d41d8cd98f00b204e9800998ecf8427e',0),(51,'贾战迎','jiazhanying',6,1,'在职','d41d8cd98f00b204e9800998ecf8427e',0),(52,'黄铭明','huangmingming',6,1,'在职','d41d8cd98f00b204e9800998ecf8427e',0),(88,'梁俊滔','liangjuntao',7,4,'在职','d41d8cd98f00b204e9800998ecf8427e',0);

#
# Structure for table "task"
#

DROP TABLE IF EXISTS `task`;
CREATE TABLE `task` (
  `task_id` int(11) NOT NULL AUTO_INCREMENT,
  `task_attri` int(11) NOT NULL DEFAULT '-1' COMMENT '任务属性，-1:正常任务， 其他值：备份任务',
  `task_name` varchar(255) DEFAULT NULL COMMENT '任务名',
  `task_des` varchar(255) DEFAULT NULL COMMENT '任务描述,包括任务审核意见',
  `task_ownerid` int(11) DEFAULT '3' COMMENT '负责人，外键',
  `task_project_id` int(11) DEFAULT NULL COMMENT '所属项目',
  `task_plan_starttime` date DEFAULT '0000-00-00' COMMENT '计划开始时间',
  `task_plan_closetime` date DEFAULT NULL COMMENT '计划完成时间',
  `task_plan_period` float NOT NULL DEFAULT '0' COMMENT '计划工期',
  `task_ac_starttime` date DEFAULT NULL COMMENT '实际开始，在未开始变时，此值可设置。',
  `task_ac_closetime` date DEFAULT NULL COMMENT '实际完成时间，即提交完成的时间',
  `task_ac_period` float NOT NULL DEFAULT '0' COMMENT '实际工期',
  `task_type` varchar(255) NOT NULL DEFAULT '' COMMENT '任务类型，项目任务，部门任务',
  `task_score` int(11) NOT NULL DEFAULT '0' COMMENT '主管对任务的评分',
  `forecast_task_score` int(11) NOT NULL DEFAULT '100' COMMENT '系统预计分数值',
  `task_score_des` varchar(255) DEFAULT '' COMMENT '评分说明',
  `task_auditorid` int(11) DEFAULT '-1' COMMENT '评审人，外键',
  `task_review_date` datetime DEFAULT '0000-00-00 00:00:00' COMMENT '任务发布评审时间',
  `task_score_date` datetime DEFAULT '0000-00-00 00:00:00' COMMENT '任务评分时间',
  `task_statusid` int(11) NOT NULL DEFAULT '1' COMMENT '任务状态，外键',
  `task_dif` float(16,0) NOT NULL DEFAULT '0' COMMENT '任务难度系数，任务发布评审时必须填此值，范围（1.0~3.0）',
  `task_createTime` datetime DEFAULT '0000-00-00 00:00:00' COMMENT '任务创建时间，若为备份任务，则为备份时间',
  `task_timeType_id` int(11) DEFAULT '1' COMMENT '工时类型',
  `creatorid` int(11) NOT NULL DEFAULT '3',
  PRIMARY KEY (`task_id`),
  KEY `task_ownerid` (`task_ownerid`),
  KEY `task_ibfk_2` (`task_project_id`),
  KEY `task_auditorid` (`task_auditorid`),
  KEY `task_statusid` (`task_statusid`),
  KEY `task_timeType_id` (`task_timeType_id`),
  KEY `creatorid` (`creatorid`),
  CONSTRAINT `task_ibfk_1` FOREIGN KEY (`task_ownerid`) REFERENCES `user` (`user_id`),
  CONSTRAINT `task_ibfk_2` FOREIGN KEY (`task_auditorid`) REFERENCES `user` (`user_id`),
  CONSTRAINT `task_ibfk_3` FOREIGN KEY (`task_timeType_id`) REFERENCES `timetype` (`id`),
  CONSTRAINT `task_ibfk_4` FOREIGN KEY (`creatorid`) REFERENCES `user` (`user_id`)
) ENGINE=InnoDB AUTO_INCREMENT=400 DEFAULT CHARSET=utf8;

#
# Data for table "task"
#

INSERT INTO `task` VALUES (186,-1,'CRC校验机制的优化以及平台软件升级程序时报“校验出错”问题的排查','',27,3,'2014-11-17','2014-12-05',100,'1899-12-30','1899-12-30',100,'项目任务',100,100,'',26,'2015-05-06 15:15:37','2015-05-06 15:15:37',6,1,'2015-05-06 15:15:37',2,3),(187,-1,'验证“不用文件系统烧录程序，提高程序烧写速度”方案的可行性','',27,3,'2014-11-17','2014-12-05',100,'1899-12-30','1899-12-30',100,'项目任务',100,100,'',26,'2015-05-06 15:15:37','2015-05-06 15:15:37',6,1,'2015-05-06 15:15:37',2,3),(188,-1,'SD卡和USB等设备异常时不影响系统其他任务运行软件的优化及并在2FY(B)上验证','',27,3,'2014-10-20','2014-11-17',100,'1899-12-30','1899-12-30',100,'项目任务',100,100,'',26,'2015-05-06 15:15:37','2015-05-06 15:15:37',6,1,'2015-05-06 15:15:37',2,3),(189,-1,'修复8377平台DMA目的地址使用局部变量的BUG','',27,3,'2014-11-17','2014-11-24',100,'1899-12-30','1899-12-30',100,'项目任务',100,100,'',26,'2015-05-06 15:15:37','2015-05-06 15:15:37',6,1,'2015-05-06 15:15:37',2,3),(190,-1,'SD卡座硬件优化，提高SD卡硬件可靠性','',19,3,'2014-11-05','2014-11-30',100,'1899-12-30','1899-12-30',100,'项目任务',100,100,'',16,'2015-05-06 15:15:37','2015-05-06 15:15:37',6,1,'2015-05-06 15:15:37',2,3),(191,-1,'根据评审会修改GLSI的闭锁控制逻辑并验证','',7,3,'2014-11-07','2015-01-10',100,'1899-12-30','1899-12-30',100,'项目任务',100,100,'',4,'2015-05-06 15:15:37','2015-05-06 15:15:37',6,1,'2015-05-06 15:15:37',2,3),(192,-1,'调整GLSD-1的端子排序和GLSI尽量保持一致','',19,3,'2014-11-20','2014-12-15',100,'1899-12-30','1899-12-30',100,'项目任务',100,100,'',16,'2015-05-06 15:15:37','2015-05-06 15:15:37',6,1,'2015-05-06 15:15:37',2,3),(193,-1,'排查GLSI电压、电流互感器损坏的原因，并确定优化方案','',19,3,'2014-11-05','2014-12-15',100,'1899-12-30','1899-12-30',100,'项目任务',100,100,'',16,'2015-05-06 15:15:37','2015-05-06 15:15:37',6,1,'2015-05-06 15:15:37',2,3),(194,-1,'GLSI光纤口封盖方案的确定及打样验证','',25,3,'2014-11-05','2015-01-20',100,'1899-12-30','1899-12-30',100,'项目任务',100,100,'',16,'2015-05-06 15:15:37','2015-05-06 15:15:37',6,1,'2015-05-06 15:15:37',2,3),(195,-1,'解决GLSI内部温度过高问题：桶式机箱结构优化与验证','',19,3,'2014-11-05','2014-12-05',100,'1899-12-30','1899-12-30',100,'项目任务',100,100,'',16,'2015-05-06 15:15:38','2015-05-06 15:15:38',6,1,'2015-05-06 15:15:38',2,3),(196,-1,'解决GLSI内部温度过高问题：金塞德GLSI电源优化和温度验证','',19,3,'2014-12-25','2015-01-15',100,'1899-12-30','1899-12-30',100,'项目任务',100,100,'',16,'2015-05-06 15:15:38','2015-05-06 15:15:38',6,1,'2015-05-06 15:15:38',2,3),(197,-1,'解决GLSI内部温度过高问题：GLSI铝合金机箱温度验证','',19,3,'2015-01-01','2015-02-10',100,'1899-12-30','1899-12-30',100,'项目任务',100,100,'',16,'2015-05-06 15:15:38','2015-05-06 15:15:38',6,1,'2015-05-06 15:15:38',2,3),(198,-1,'GLSI液晶闪屏优化方案','',19,3,'2014-12-22','2015-01-30',100,'1899-12-30','1899-12-30',100,'项目任务',100,100,'',16,'2015-05-06 15:15:38','2015-05-06 15:15:38',6,1,'2015-05-06 15:15:38',2,3),(199,-1,'排查同时使用103和Modbus时POLRTP DOWN掉的原因','',27,3,'2014-11-25','2014-12-16',100,'1899-12-30','1899-12-30',100,'项目任务',100,100,'',26,'2015-05-06 15:15:38','2015-05-06 15:15:38',6,1,'2015-05-06 15:15:38',2,3),(200,-1,'GLSI开关柜安装尺寸配合问题的确认','',19,3,'2015-01-07','2015-01-09',100,'1899-12-30','1899-12-30',100,'项目任务',100,100,'',16,'2015-05-06 15:15:38','2015-05-06 15:15:38',6,1,'2015-05-06 15:15:38',2,3),(201,-1,'GLSI新版硬件BOM发布','',8,3,'2015-01-15','2015-01-15',100,'1899-12-30','1899-12-30',100,'项目任务',100,100,'',4,'2015-05-06 15:15:38','2015-05-06 15:15:38',6,1,'2015-05-06 15:15:38',2,3),(202,-1,'准备GLSI型式试验样机','',19,3,'2014-11-05','2015-01-15',100,'1899-12-30','1899-12-30',100,'项目任务',100,100,'',16,'2015-05-06 15:15:38','2015-05-06 15:15:38',6,1,'2015-05-06 15:15:38',2,3),(203,-1,'10套GLSI试产任务发布及进度跟进  ','',22,3,'2015-02-13','2015-02-13',100,'1899-12-30','1899-12-30',100,'项目任务',100,100,'',16,'2015-05-06 15:15:38','2015-05-06 15:15:38',6,1,'2015-05-06 15:15:38',2,3),(204,-1,'GLSI线圈检测方案的优化与验证：线圈检测电测电路参数优化及验证','',19,3,'2015-01-12','2015-03-31',100,'1899-12-30','1899-12-30',100,'项目任务',100,100,'',16,'2015-05-06 15:15:38','2015-05-06 15:15:38',6,1,'2015-05-06 15:15:38',2,3),(205,-1,'GLSI线圈检测方案的优化改板后验证其功能的正确性','',34,3,'2014-11-05','2015-03-31',100,'1899-12-30','1899-12-30',100,'项目任务',100,100,'',88,'2015-05-06 15:15:38','2015-05-06 15:15:38',6,1,'2015-05-06 15:15:38',2,3),(206,-1,'GLSI采用“新锐达”液晶前面板方案的设计与验证(初版)','',22,3,'2014-01-07','2015-02-10',100,'1899-12-30','1899-12-30',100,'项目任务',100,100,'',16,'2015-05-06 15:15:38','2015-05-06 15:15:38',6,1,'2015-05-06 15:15:38',2,3),(207,-1,'GLSI采用“新锐达”液晶前面板方案的设计与验证初版问题解决。','',22,3,'2015-02-28','2015-03-27',100,'1899-12-30','1899-12-30',100,'项目任务',100,100,'',16,'2015-05-06 15:15:38','2015-05-06 15:15:38',6,1,'2015-05-06 15:15:38',2,3),(208,-1,'GLSI试验开关柜试制进度跟进','',8,3,'2015-01-07','2015-03-23',100,'1899-12-30','1899-12-30',100,'项目任务',100,100,'',4,'2015-05-06 15:15:38','2015-05-06 15:15:38',6,1,'2015-05-06 15:15:38',2,3),(209,-1,'GLSI直流采样隔离运放电路第一版设计与测试','',19,3,'2014-12-15','2015-01-30',100,'1899-12-30','1899-12-30',100,'项目任务',100,100,'',16,'2015-05-06 15:15:38','2015-05-06 15:15:38',6,1,'2015-05-06 15:15:38',2,3),(210,-1,'第一版电路的改进与测试验证','',19,3,'2015-02-02','2015-03-31',100,'1899-12-30','1899-12-30',100,'项目任务',100,100,'',16,'2015-05-06 15:15:38','2015-05-06 15:15:38',6,1,'2015-05-06 15:15:38',2,3),(211,-1,'按照新的参数要求寻找新的霍尔传感器供应商','',19,3,'2015-01-28','2015-03-31',100,'1899-12-30','1899-12-30',100,'项目任务',0,100,'',16,'2015-05-06 15:15:38','2015-05-06 15:15:38',11,1,'2015-05-06 15:15:38',2,3),(212,-1,'GLSM-211T正式软件的验证及发布','',7,3,'2014-12-01','2014-12-12',100,'1899-12-30','1899-12-30',100,'项目任务',100,100,'',4,'2015-05-06 15:15:38','2015-05-06 15:15:38',6,1,'2015-05-06 15:15:38',2,3),(213,-1,'确认中海油项目现场接线方式','',8,3,'2014-12-08','2014-12-12',100,'1899-12-30','1899-12-30',100,'项目任务',100,100,'',4,'2015-05-06 15:15:38','2015-05-06 15:15:38',6,1,'2015-05-06 15:15:38',2,3),(214,-1,'GLSC-1 操作电容箱机箱结构更改方案的确定','',25,3,'2014-12-15','2015-01-21',100,'1899-12-30','1899-12-30',100,'项目任务',100,100,'',16,'2015-05-06 15:15:38','2015-05-06 15:15:38',6,1,'2015-05-06 15:15:38',2,3),(215,-1,'跟进中海油项目备货情况','',8,3,'2014-11-25','2014-12-20',100,'1899-12-30','1899-12-30',100,'项目任务',100,100,'',4,'2015-05-06 15:15:38','2015-05-06 15:15:38',6,1,'2015-05-06 15:15:38',2,3),(216,-1,'GLSC生产任务发布（6套样机）','',8,3,'2015-02-13','2015-02-13',100,'1899-12-30','1899-12-30',100,'项目任务',100,100,'',4,'2015-05-06 15:15:38','2015-05-06 15:15:38',6,1,'2015-05-06 15:15:38',2,3),(217,-1,'跟进长江埠项目备货情况','',8,3,'2014-11-25','2015-03-21',100,'1899-12-30','1899-12-30',100,'项目任务',100,100,'',4,'2015-05-06 15:15:38','2015-05-06 15:15:38',6,1,'2015-05-06 15:15:38',2,3),(218,-1,'长江埠试点项目6台GLSI研发样机测试','',34,3,'2015-03-02','2015-03-25',100,'1899-12-30','1899-12-30',100,'项目任务',100,100,'',88,'2015-05-06 15:15:38','2015-05-06 15:15:38',6,1,'2015-05-06 15:15:38',2,3),(219,-1,'GLSI中试样机生产评审','',8,3,'2015-03-23','2015-03-31',100,'1899-12-30','1899-12-30',100,'项目任务',100,100,'',4,'2015-05-06 15:15:38','2015-05-06 15:15:38',6,1,'2015-05-06 15:15:38',2,3),(220,-1,'第一批中试样机修改后中试验证','',34,3,'2015-04-01','2015-04-10',100,'1899-12-30','1899-12-30',100,'项目任务',100,100,'',88,'2015-05-06 15:15:38','2015-05-06 15:15:38',6,1,'2015-05-06 15:15:38',2,3),(221,-1,'GLSI 10套样机制作','',22,3,'2015-04-24','2015-06-15',100,'1899-12-30','1899-12-30',10,'项目任务',0,100,'',16,'2015-05-06 15:15:38','2015-05-06 15:15:38',4,1,'2015-05-06 15:15:38',2,3),(222,-1,'项目立项','',8,11,'2015-04-13','2015-04-13',10,'1899-12-30','1899-12-30',0,'项目任务',8,100,'',4,'1899-12-30 00:00:00','2015-05-21 14:36:01',1,0,'2015-05-14 12:11:41',3,3),(223,-1,'项目计划阶段管理跟进','',7,11,'2015-04-03','2015-05-08',10,'1899-12-30','1899-12-30',0,'项目任务',7,100,'',4,'1899-12-30 00:00:00','2015-05-21 14:36:01',1,0,'2015-05-14 12:11:41',3,3),(224,-1,'总体设计方案编写','',7,11,'2015-04-13','2015-04-29',10,'1899-12-30','1899-12-30',0,'项目任务',7,100,'',4,'1899-12-30 00:00:00','2015-05-21 14:36:01',1,0,'2015-05-14 12:11:41',3,3),(225,-1,'总体设计方案评审','',7,11,'2015-04-30','2015-04-30',10,'1899-12-30','1899-12-30',0,'项目任务',7,100,'',4,'1899-12-30 00:00:00','2015-05-21 14:36:01',1,0,'2015-05-14 12:11:41',3,3),(226,-1,'总体计划编写','',7,11,'2015-05-04','2015-05-07',10,'1899-12-30','1899-12-30',0,'项目任务',7,100,'',4,'1899-12-30 00:00:00','2015-05-21 14:36:01',1,0,'2015-05-14 12:11:41',3,3),(227,-1,'总体计划方案评审','',7,11,'2015-05-12','2015-05-12',10,'1899-12-30','1899-12-30',0,'项目任务',7,100,'',4,'1899-12-30 00:00:00','2015-05-21 14:36:01',1,0,'2015-05-14 12:11:41',3,3),(228,-1,'硬件部分管理跟进','',17,11,'2015-05-06','2015-10-20',10,'1899-12-30','1899-12-30',0,'项目任务',17,100,'',16,'1899-12-30 00:00:00','2015-05-21 14:36:01',1,0,'2015-05-14 12:11:41',3,3),(229,-1,'机箱更换厂商打样','',22,11,'2015-05-06','2015-06-25',10,'1899-12-30','1899-12-30',0,'项目任务',22,100,'',16,'1899-12-30 00:00:00','2015-05-21 14:36:01',1,0,'2015-05-14 12:11:41',3,3),(230,-1,'机箱组装调试','',22,11,'2015-06-26','2015-07-15',10,'1899-12-30','1899-12-30',0,'项目任务',22,100,'',16,'1899-12-30 00:00:00','2015-05-21 14:36:01',1,0,'2015-05-14 12:11:41',3,3),(231,-1,'制作样机机箱','',22,11,'2015-07-16','2015-08-20',10,'1899-12-30','1899-12-30',0,'项目任务',22,100,'',16,'1899-12-30 00:00:00','2015-05-21 14:36:01',1,0,'2015-05-14 12:11:41',3,3),(232,-1,'原型机硬件初版调试','',17,11,'2015-05-05','2015-05-30',10,'1899-12-30','1899-12-30',0,'项目任务',17,100,'',16,'1899-12-30 00:00:00','2015-05-21 14:36:01',1,0,'2015-05-14 12:11:41',3,3),(233,-1,'硬件设计调整','',17,11,'2015-06-01','2015-06-05',10,'1899-12-30','1899-12-30',0,'项目任务',17,100,'',16,'1899-12-30 00:00:00','2015-05-21 14:36:01',1,0,'2015-05-14 12:11:41',3,3),(234,-1,'板件PCB设计','',17,11,'2015-06-06','2015-06-20',10,'1899-12-30','1899-12-30',0,'项目任务',17,100,'',16,'1899-12-30 00:00:00','2015-05-21 14:36:01',1,0,'2015-05-14 12:11:41',3,3),(235,-1,'第二版系统板加工制作','',17,11,'2015-06-22','2015-07-10',10,'1899-12-30','1899-12-30',0,'项目任务',17,100,'',16,'1899-12-30 00:00:00','2015-05-21 14:36:01',1,0,'2015-05-14 12:11:41',3,3),(236,-1,'原型机第二版组装','',17,11,'2015-07-11','2015-07-15',10,'1899-12-30','1899-12-30',0,'项目任务',17,100,'',16,'1899-12-30 00:00:00','2015-05-21 14:36:01',1,0,'2015-05-14 12:11:41',3,3),(237,-1,'原型机第二版调试','',17,11,'2015-07-16','2015-08-15',10,'1899-12-30','1899-12-30',0,'项目任务',17,100,'',16,'1899-12-30 00:00:00','2015-05-21 14:36:01',1,0,'2015-05-14 12:11:41',3,3),(238,-1,'中试样机加工制作','',17,11,'2015-09-30','2015-10-20',10,'1899-12-30','1899-12-30',0,'项目任务',17,100,'',16,'1899-12-30 00:00:00','2015-05-21 14:36:01',1,0,'2015-05-14 12:11:41',3,3),(239,-1,'软件部分管理跟进','',7,11,'2015-05-04','2015-07-31',10,'1899-12-30','1899-12-30',0,'项目任务',7,100,'',4,'1899-12-30 00:00:00','2015-05-21 14:36:01',1,0,'2015-05-14 12:11:41',3,3),(240,-1,'程序架构与中间层移植','',28,11,'2015-05-04','2015-05-15',10,'1899-12-30','1899-12-30',0,'项目任务',28,100,'',26,'1899-12-30 00:00:00','2015-05-21 14:36:01',1,0,'2015-05-14 12:11:41',3,3),(241,-1,'通用驱动模块','',28,11,'2015-05-04','2015-05-15',10,'1899-12-30','1899-12-30',0,'项目任务',28,100,'',26,'1899-12-30 00:00:00','2015-05-21 14:36:01',1,0,'2015-05-14 12:11:41',3,3),(242,-1,'采集与开出控制模块（包括模拟量算法）','',7,11,'2015-05-15','2015-05-30',10,'1899-12-30','1899-12-30',0,'项目任务',7,100,'',4,'1899-12-30 00:00:00','2015-05-21 14:36:01',1,0,'2015-05-14 12:11:41',3,3),(243,-1,'软硬件联调','',7,11,'2015-06-01','2015-06-12',10,'1899-12-30','1899-12-30',0,'项目任务',7,100,'',4,'1899-12-30 00:00:00','2015-05-21 14:36:01',1,0,'2015-05-14 12:11:41',3,3),(244,-1,'升级程序、上位机模块','',31,11,'2015-05-15','2015-07-30',10,'1899-12-30','1899-12-30',0,'项目任务',31,100,'',26,'1899-12-30 00:00:00','2015-05-21 14:36:01',1,0,'2015-05-14 12:11:42',3,3),(245,-1,'同期控制模块','',7,11,'2015-06-15','2015-06-30',10,'1899-12-30','1899-12-30',0,'项目任务',7,100,'',4,'1899-12-30 00:00:00','2015-05-21 14:36:01',1,0,'2015-05-14 12:11:42',3,3),(246,-1,'内部通讯程序','',28,11,'2015-06-15','2015-06-30',10,'1899-12-30','1899-12-30',0,'项目任务',28,100,'',26,'1899-12-30 00:00:00','2015-05-21 14:36:01',1,0,'2015-05-14 12:11:42',3,3),(247,-1,'软件联调','',7,11,'2015-07-01','2015-07-15',10,'1899-12-30','1899-12-30',0,'项目任务',7,100,'',4,'1899-12-30 00:00:00','2015-05-21 14:36:01',1,0,'2015-05-14 12:12:09',3,3),(248,-1,'软件优化与自测','',7,11,'2015-07-16','2015-07-31',10,'1899-12-30','1899-12-30',0,'项目任务',7,100,'',4,'1899-12-30 00:00:00','2015-05-21 14:36:01',1,0,'2015-05-14 12:12:09',3,3),(249,-1,'中试部分管理跟进','',36,11,'2015-07-16','2015-12-16',10,'1899-12-30','1899-12-30',0,'项目任务',36,100,'',88,'1899-12-30 00:00:00','2015-05-21 14:36:02',1,0,'2015-05-14 12:12:09',3,3),(250,-1,'中试组了解项目相关知识搭建测试环境并配合研发初测','',36,11,'2015-07-16','2015-07-31',10,'1899-12-30','1899-12-30',0,'项目任务',36,100,'',88,'1899-12-30 00:00:00','2015-05-21 14:36:02',1,0,'2015-05-14 12:12:09',3,3),(251,-1,'中试组第一轮(原型机)测试','',36,11,'2015-08-01','2015-09-29',10,'1899-12-30','1899-12-30',0,'项目任务',36,100,'',88,'1899-12-30 00:00:00','2015-05-21 14:36:02',1,0,'2015-05-14 12:12:09',3,3),(252,-1,'中试组第二轮(中试样机)测试并形成测试用例','',36,11,'2015-10-20','2015-12-16',10,'1899-12-30','1899-12-30',0,'项目任务',36,100,'',88,'1899-12-30 00:00:00','2015-05-21 14:36:02',1,0,'2015-05-14 12:12:09',3,3),(253,-1,'阶段评审部分管理跟进','',7,11,'2015-08-01','2015-12-31',10,'1899-12-30','1899-12-30',0,'项目任务',7,100,'',4,'1899-12-30 00:00:00','2015-05-21 14:36:02',1,0,'2015-05-14 12:12:09',3,3),(254,-1,'原型机实现评审资料整理。','',7,11,'2015-08-01','2015-08-14',10,'1899-12-30','1899-12-30',0,'项目任务',7,100,'',4,'1899-12-30 00:00:00','2015-05-21 14:36:02',1,0,'2015-05-14 12:12:09',3,3),(255,-1,'原型机实现评审','',7,11,'2015-08-17','2015-08-17',10,'1899-12-30','1899-12-30',0,'项目任务',7,100,'',4,'1899-12-30 00:00:00','2015-05-21 14:36:02',1,0,'2015-05-14 12:12:09',3,3),(256,-1,'原型机验证评审','',7,11,'2015-09-30','2015-09-30',10,'1899-12-30','1899-12-30',0,'项目任务',7,100,'',4,'1899-12-30 00:00:00','2015-05-21 14:36:02',1,0,'2015-05-14 12:12:09',3,3),(257,-1,'中试样机生产评审','',7,11,'2015-10-30','2015-10-30',10,'1899-12-30','1899-12-30',0,'项目任务',7,100,'',4,'1899-12-30 00:00:00','2015-05-21 14:36:02',1,0,'2015-05-14 12:12:09',3,3),(258,-1,'中试样机验证评审资料整理。','',7,11,'2015-12-17','2015-12-30',10,'1899-12-30','1899-12-30',0,'项目任务',7,100,'',4,'1899-12-30 00:00:00','2015-05-21 14:36:02',1,0,'2015-05-14 12:12:09',3,3),(259,-1,'中试样机验证评审','',7,11,'2015-12-31','2015-12-31',10,'1899-12-30','1899-12-30',0,'项目任务',7,100,'',4,'1899-12-30 00:00:00','2015-05-21 14:36:02',1,0,'2015-05-14 12:12:09',3,3),(260,-1,'GLSM-211C 8308系统板PCB设计','',18,2,'2015-02-03','2015-02-13',10,'1899-12-30','1899-12-30',10,'项目任务',18,100,'',16,'2015-05-14 13:48:34','2015-05-14 13:49:05',6,1,'2015-05-14 13:48:34',2,3),(261,-1,'GLSM-211C 8308系统板PCB外发制作','',18,2,'2015-03-01','2015-03-31',10,'1899-12-30','1899-12-30',10,'项目任务',100,100,'',16,'2015-05-14 13:49:05','2015-05-14 13:49:05',6,1,'2015-05-14 13:49:05',2,3),(262,-1,'GLSM-211C 8308MMI、POLRTP移植','',27,2,'2015-03-01','2015-03-31',10,'1899-12-30','1899-12-30',10,'项目任务',100,100,'',26,'2015-05-14 13:49:05','2015-05-14 13:49:05',6,1,'2015-05-14 13:49:05',2,3),(263,-1,'GLSM-211C 8308 CTLRTP移植','',7,2,'2015-04-01','2015-04-17',10,'1899-12-30','1899-12-30',10,'项目任务',100,100,'',4,'2015-05-14 13:49:05','2015-05-14 13:49:05',6,1,'2015-05-14 13:49:05',2,3),(264,-1,'GLSM-211C 8308内核移植及系统板调试','',27,2,'2015-04-01','2015-04-17',10,'1899-12-30','1899-12-30',10,'项目任务',100,100,'',26,'2015-05-14 13:49:06','2015-05-14 13:49:06',6,1,'2015-05-14 13:49:06',2,3),(265,-1,'GLSM-211C(8308) 功能测试','',34,2,'2015-04-20','2015-05-31',10,'1899-12-30','1899-12-30',10,'项目任务',0,100,'',88,'2015-05-14 13:49:06','2015-05-14 13:49:06',4,1,'2015-05-14 13:49:06',2,3),(266,-1,'GLSM-211C(8308)原型机评审','',8,2,'2015-06-01','2015-06-05',10,'1899-12-30','1899-12-30',0,'项目任务',0,100,'',4,'1899-12-30 00:00:00','2015-05-14 13:49:06',1,0,'2015-05-14 13:49:06',2,3),(267,-1,'GLSM-211T(8308) POLRTP、MMIRTP移植','',27,2,'2015-05-31','2015-05-31',10,'1899-12-30','1899-12-30',0,'项目任务',0,100,'',26,'1899-12-30 00:00:00','2015-05-14 13:49:06',1,0,'2015-05-14 13:49:06',2,3),(268,-1,'GLSM-211C(8308)中试样机生产','',8,2,'2015-06-15','2015-07-31',10,'1899-12-30','1899-12-30',0,'项目任务',0,100,'',4,'1899-12-30 00:00:00','2015-05-14 13:49:06',1,0,'2015-05-14 13:49:06',2,3),(269,-1,'GLSM-211C/T(8308)中试样机生产评审','',8,2,'2015-08-03','2015-08-07',10,'1899-12-30','1899-12-30',0,'项目任务',0,100,'',4,'1899-12-30 00:00:00','2015-05-14 13:49:06',1,0,'2015-05-14 13:49:06',2,3),(270,-1,'GLSM-211T(8308) CTLRTP移植','',7,2,'2015-05-31','2015-05-31',10,'1899-12-30','1899-12-30',0,'项目任务',0,100,'',4,'1899-12-30 00:00:00','2015-05-14 13:49:06',1,0,'2015-05-14 13:49:06',2,3),(271,-1,'GLSM-211C/T(8308) 原型机软件消缺','',34,2,'2015-07-31','2015-07-31',10,'1899-12-30','1899-12-30',0,'项目任务',0,100,'',88,'1899-12-30 00:00:00','2015-05-14 13:49:06',1,0,'2015-05-14 13:49:06',2,3),(272,-1,'GLSM-211C(8308)中试样机测试','',34,2,'2015-08-01','2015-10-31',10,'1899-12-30','1899-12-30',0,'项目任务',0,100,'',88,'1899-12-30 00:00:00','2015-05-14 13:49:06',1,0,'2015-05-14 13:49:06',2,3),(273,-1,'GLSM-211T(8308)中试样机测试','',34,2,'2015-08-01','2015-10-31',10,'1899-12-30','1899-12-30',0,'项目任务',0,100,'',88,'1899-12-30 00:00:00','2015-05-14 13:49:06',1,0,'2015-05-14 13:49:06',2,3),(274,-1,'GLSM-211C/T(8308)中试样机验证评审','',8,2,'2015-11-02','2015-11-06',10,'1899-12-30','1899-12-30',0,'项目任务',0,100,'',4,'1899-12-30 00:00:00','2015-05-14 13:49:06',1,0,'2015-05-14 13:49:06',2,3),(275,-1,'视频传输方案调研及软件功能实现分析','',27,20,'2015-01-26','2015-02-01',10,'2015-01-26','2015-02-01',10,'项目任务',27,100,'',26,'2015-05-14 14:28:50','2015-05-22 15:15:14',6,1,'2015-05-14 14:28:50',3,3),(276,-1,'视频传输方案调研及硬件功能实现分析','',23,20,'2015-01-26','2015-02-01',10,'2015-01-26','2015-02-01',10,'项目任务',23,100,'',16,'2015-05-14 14:28:50','2015-05-22 15:15:14',6,1,'2015-05-14 14:28:50',3,3),(277,-1,'2FYB视频模块方案软件部分可行性分析与评估','',27,20,'2015-02-02','2015-02-13',10,'2015-02-02','2015-02-13',10,'项目任务',27,100,'',26,'2015-05-14 14:28:50','2015-05-22 15:15:14',6,1,'2015-05-14 14:28:50',3,3),(278,-1,'2FYB视频模块方案硬件部分可行性分析与评估','',23,20,'2015-02-02','2015-02-13',10,'2015-02-02','2015-02-13',10,'项目任务',23,100,'',16,'2015-05-14 14:28:50','2015-05-22 15:15:14',6,1,'2015-05-14 14:28:50',3,3),(279,-1,'编写2FY(B)视频模块方案可行性报告','',27,20,'2015-02-28','2015-03-06',10,'2015-02-28','2015-03-06',10,'项目任务',27,100,'',26,'2015-05-14 14:28:50','2015-05-22 15:15:14',6,1,'2015-05-14 14:28:50',3,3),(280,-1,'方案评审','',27,20,'2015-03-06','2015-03-06',10,'2015-03-06','2015-03-06',10,'项目任务',27,100,'',26,'2015-05-14 14:28:50','2015-05-22 15:15:14',6,1,'2015-05-14 14:28:50',3,3),(281,-1,'VGA视频信号转差分信号传输模块方案预研','',21,20,'2015-03-25','2015-04-24',10,'2015-03-25','2015-04-24',10,'项目任务',21,100,'',16,'2015-05-14 14:28:50','2015-05-22 15:15:14',6,1,'2015-05-14 14:28:50',3,3),(282,-1,'VGA视频信号转复合信号（BNC头）模块方案预研','',18,20,'2015-03-25','2015-04-03',10,'2015-03-25','2015-04-03',10,'项目任务',18,100,'',16,'2015-05-14 14:28:50','2015-05-22 15:15:14',6,1,'2015-05-14 14:28:50',3,3),(283,-1,'B码对时信号产生及测试','',23,20,'2015-03-25','2015-04-15',10,'2015-03-25','2015-04-15',10,'项目任务',23,100,'',16,'2015-05-14 14:28:50','2015-05-22 15:15:15',6,1,'2015-05-14 14:28:50',3,3),(284,-1,'SID2FYB视频模块移植','',32,20,'2015-03-25','2015-04-07',10,'2015-03-25','2015-04-07',10,'项目任务',32,100,'',26,'2015-05-14 14:28:50','2015-05-22 15:15:15',6,1,'2015-05-14 14:28:50',3,3),(285,-1,'原DVI单元通信协议的移植','',32,20,'2015-04-08','2015-04-16',10,'2015-04-08','2015-04-16',10,'项目任务',32,100,'',26,'2015-05-14 14:28:50','2015-05-22 15:15:15',6,1,'2015-05-14 14:28:50',3,3),(286,-1,'DVI与视频插件板通讯协议调试','',32,20,'2015-04-17','2015-04-30',10,'2015-04-17','2015-04-30',10,'项目任务',32,100,'',26,'2015-05-14 14:28:50','2015-05-22 15:15:15',6,1,'2015-05-14 14:28:50',3,3),(287,-1,'编写详细设计方案（预研总结报告）','',27,20,'2015-03-09','2015-05-31',10,'2015-03-09','1899-12-30',10,'项目任务',27,100,'',26,'2015-05-14 14:28:50','2015-05-22 15:15:15',4,1,'2015-05-14 14:28:50',3,3),(288,-1,'GLSM-211C 8308系统板PCB设计','',18,1,'2015-02-03','2015-02-13',1,'1899-12-30','1899-12-30',1,'项目任务',18,100,'',16,'2015-05-21 13:48:59','2015-05-21 13:49:33',6,1,'2015-05-21 13:48:59',2,3),(289,-1,'GLSM-211C 8308系统板PCB外发制作','',18,1,'2015-03-01','2015-03-31',1,'1899-12-30','1899-12-30',1,'项目任务',100,100,'',16,'2015-05-21 13:49:33','2015-05-21 13:49:33',6,1,'2015-05-21 13:49:33',2,3),(290,-1,'GLSM-211C 8308MMI、POLRTP移植','',27,1,'2015-03-01','2015-03-31',1,'1899-12-30','1899-12-30',1,'项目任务',100,100,'',26,'2015-05-21 13:49:33','2015-05-21 13:49:33',6,1,'2015-05-21 13:49:33',2,3),(291,-1,'GLSM-211C 8308 CTLRTP移植','',7,1,'2015-04-01','2015-04-17',1,'1899-12-30','1899-12-30',1,'项目任务',100,100,'',4,'2015-05-21 13:49:34','2015-05-21 13:49:34',6,1,'2015-05-21 13:49:34',2,3),(292,-1,'GLSM-211C 8308内核移植及系统板调试','',27,1,'2015-04-01','2015-04-17',1,'1899-12-30','1899-12-30',1,'项目任务',100,100,'',26,'2015-05-21 13:49:34','2015-05-21 13:49:34',6,1,'2015-05-21 13:49:34',2,3),(293,-1,'GLSM-211C(8308) 功能测试','',34,1,'2015-04-20','2015-05-31',1,'1899-12-30','1899-12-30',1,'项目任务',0,100,'',88,'2015-05-21 13:49:34','2015-05-21 13:49:34',4,1,'2015-05-21 13:49:34',2,3),(294,-1,'GLSM-211C(8308)原型机评审','',8,1,'2015-06-01','2015-06-05',1,'1899-12-30','1899-12-30',0,'项目任务',0,100,'',4,'1899-12-30 00:00:00','2015-05-21 13:49:34',1,0,'2015-05-21 13:49:34',2,3),(295,-1,'GLSM-211T(8308) POLRTP、MMIRTP移植','',27,1,'2015-05-31','2015-05-31',1,'1899-12-30','1899-12-30',0,'项目任务',0,100,'',26,'1899-12-30 00:00:00','2015-05-21 13:49:34',1,0,'2015-05-21 13:49:34',2,3),(296,-1,'GLSM-211C(8308)中试样机生产','',8,1,'2015-06-15','2015-07-31',1,'1899-12-30','1899-12-30',0,'项目任务',0,100,'',4,'1899-12-30 00:00:00','2015-05-21 13:49:34',1,0,'2015-05-21 13:49:34',2,3),(297,-1,'GLSM-211C/T(8308)中试样机生产评审','',8,1,'2015-08-03','2015-08-07',1,'1899-12-30','1899-12-30',0,'项目任务',0,100,'',4,'1899-12-30 00:00:00','2015-05-21 13:49:34',1,0,'2015-05-21 13:49:34',2,3),(298,-1,'GLSM-211T(8308) CTLRTP移植','',7,1,'2015-05-31','2015-05-31',1,'1899-12-30','1899-12-30',0,'项目任务',0,100,'',4,'1899-12-30 00:00:00','2015-05-21 13:49:34',1,0,'2015-05-21 13:49:34',2,3),(299,-1,'GLSM-211C/T(8308) 原型机软件消缺','',34,1,'2015-07-31','2015-07-31',1,'1899-12-30','1899-12-30',0,'项目任务',0,100,'',88,'1899-12-30 00:00:00','2015-05-21 13:49:34',1,0,'2015-05-21 13:49:34',2,3),(300,-1,'GLSM-211C(8308)中试样机测试','',34,1,'2015-08-01','2015-10-31',1,'1899-12-30','1899-12-30',0,'项目任务',0,100,'',88,'1899-12-30 00:00:00','2015-05-21 13:49:34',1,0,'2015-05-21 13:49:34',2,3),(301,-1,'GLSM-211T(8308)中试样机测试','',34,1,'2015-08-01','2015-10-31',1,'1899-12-30','1899-12-30',0,'项目任务',0,100,'',88,'1899-12-30 00:00:00','2015-05-21 13:49:34',1,0,'2015-05-21 13:49:34',2,3),(302,-1,'GLSM-211C/T(8308)中试样机验证评审','',8,1,'2015-11-02','2015-11-06',1,'1899-12-30','1899-12-30',0,'项目任务',0,100,'',4,'1899-12-30 00:00:00','2015-05-21 13:49:34',1,0,'2015-05-21 13:49:34',2,3),(303,-1,'软件方案及计划编写','',27,6,'2015-02-06','2015-02-09',1,'1899-12-30','1899-12-30',1,'项目任务',27,100,'',26,'2015-05-21 14:29:13','2015-05-21 14:30:14',6,1,'2015-05-21 14:29:13',8,3),(304,-1,'硬件方案及计划编写','',17,6,'2015-02-06','2015-02-09',1,'1899-12-30','1899-12-30',1,'项目任务',17,100,'',16,'2015-05-21 14:29:13','2015-05-21 14:30:14',6,1,'2015-05-21 14:29:13',8,3),(305,-1,'总体方案评审','',27,6,'2015-02-09','2015-02-09',1,'1899-12-30','1899-12-30',1,'项目任务',27,100,'',26,'2015-05-21 14:29:13','2015-05-21 14:30:14',6,1,'2015-05-21 14:29:13',8,3),(306,-1,'机箱规格和板件尺寸','',25,6,'2015-02-10','2015-02-11',1,'1899-12-30','1899-12-30',1,'项目任务',25,100,'',16,'2015-05-21 14:29:13','2015-05-21 14:30:14',6,1,'2015-05-21 14:29:13',8,3),(307,-1,'板件尺寸确认','',25,6,'2015-02-12','2015-02-13',1,'1899-12-30','1899-12-30',1,'项目任务',25,100,'',16,'2015-05-21 14:29:13','2015-05-21 14:30:14',6,1,'2015-05-21 14:29:13',8,3),(308,-1,'机箱图纸设计','',22,6,'2015-02-14','2015-03-06',1,'1899-12-30','1899-12-30',1,'项目任务',22,100,'',16,'2015-05-21 14:29:13','2015-05-21 14:30:14',6,1,'2015-05-21 14:29:13',8,3),(309,-1,'制作原型机机箱','',22,6,'2015-03-07','2015-03-25',1,'1899-12-30','1899-12-30',1,'项目任务',22,100,'',16,'2015-05-21 14:29:13','2015-05-21 14:30:14',6,1,'2015-05-21 14:29:13',8,3),(310,-1,'原理图设计','',18,6,'2015-02-09','2015-02-10',1,'1899-12-30','1899-12-30',1,'项目任务',18,100,'',16,'2015-05-21 14:29:13','2015-05-21 14:30:14',6,1,'2015-05-21 14:29:13',8,3),(311,-1,'PCB设计','',24,6,'2015-02-11','2015-03-01',1,'1899-12-30','1899-12-30',1,'项目任务',24,100,'',16,'2015-05-21 14:29:51','2015-05-21 14:30:14',6,1,'2015-05-21 14:29:51',8,3),(312,-1,'板件加工','',17,6,'2015-03-01','2015-03-29',1,'1899-12-30','1899-12-30',1,'项目任务',17,100,'',16,'2015-05-21 14:29:51','2015-05-21 14:30:14',6,1,'2015-05-21 14:29:51',8,3),(313,-1,'原型机制作（八台）','',17,6,'2015-03-30','2015-03-31',1,'1899-12-30','1899-12-30',1,'项目任务',17,100,'',16,'2015-05-21 14:29:52','2015-05-21 14:30:14',6,1,'2015-05-21 14:29:52',8,3),(314,-1,'原理图修改','',17,6,'2015-03-30','2015-03-31',1,'1899-12-30','1899-12-30',1,'项目任务',17,100,'',16,'2015-05-21 14:29:52','2015-05-21 14:30:14',6,1,'2015-05-21 14:29:52',8,3),(315,-1,'PCB修改','',24,6,'2015-03-31','2015-04-01',1,'1899-12-30','1899-12-30',1,'项目任务',100,100,'',16,'2015-05-21 14:30:14','2015-05-21 14:30:14',6,1,'2015-05-21 14:30:14',8,3),(316,-1,'制作十台02版机箱','',22,6,'2015-03-31','2015-04-17',1,'1899-12-30','1899-12-30',1,'项目任务',100,100,'',16,'2015-05-21 14:30:14','2015-05-21 14:30:14',6,1,'2015-05-21 14:30:14',8,3),(317,-1,'十台机箱返修跟进','',22,6,'2015-04-17','2015-05-05',1,'1899-12-30','1899-12-30',1,'项目任务',100,100,'',16,'2015-05-21 14:30:14','2015-05-21 14:30:14',6,1,'2015-05-21 14:30:14',8,3),(318,-1,'包材设计制作','',22,6,'2015-04-07','2015-04-28',1,'1899-12-30','1899-12-30',1,'项目任务',100,100,'',16,'2015-05-21 14:30:14','2015-05-21 14:30:14',6,1,'2015-05-21 14:30:14',8,3),(319,-1,'原型机加作（十台）','',17,6,'2015-04-02','2015-05-10',1,'1899-12-30','1899-12-30',1,'项目任务',100,100,'',16,'2015-05-21 14:30:14','2015-05-21 14:30:14',6,1,'2015-05-21 14:30:14',8,3),(320,-1,'SID-453X与SID-3YL通信调试','',27,6,'2015-02-10','2015-03-09',1,'1899-12-30','1899-12-30',1,'项目任务',100,100,'',26,'2015-05-21 14:30:14','2015-05-21 14:30:14',6,1,'2015-05-21 14:30:14',8,3),(321,-1,'IEC61850模型创建','',27,6,'2015-03-10','2015-03-11',1,'1899-12-30','1899-12-30',1,'项目任务',100,100,'',26,'2015-05-21 14:30:14','2015-05-21 14:30:14',6,1,'2015-05-21 14:30:14',8,3),(322,-1,'协议程序数据映射','',27,6,'2015-03-12','2015-03-17',1,'1899-12-30','1899-12-30',1,'项目任务',100,100,'',26,'2015-05-21 14:30:14','2015-05-21 14:30:14',6,1,'2015-05-21 14:30:14',8,3),(323,-1,'遥控功能调试','',27,6,'2015-03-18','2015-03-24',1,'1899-12-30','1899-12-30',1,'项目任务',100,100,'',26,'2015-05-21 14:30:14','2015-05-21 14:30:14',6,1,'2015-05-21 14:30:14',8,3),(324,-1,'整体调试','',17,6,'2015-03-25','2015-04-05',1,'1899-12-30','1899-12-30',1,'项目任务',100,100,'',16,'2015-05-21 14:30:14','2015-05-21 14:30:14',6,1,'2015-05-21 14:30:14',8,3),(325,-1,'编写测试说明书和产品说明书','',27,6,'2015-03-31','2015-04-10',1,'1899-12-30','1899-12-30',1,'项目任务',100,100,'',26,'2015-05-21 14:30:14','2015-05-21 14:30:14',6,1,'2015-05-21 14:30:14',8,3),(326,-1,'中试功能测试','',36,6,'2015-04-06','2015-04-17',1,'1899-12-30','1899-12-30',1,'项目任务',100,100,'',88,'2015-05-21 14:30:14','2015-05-21 14:30:14',6,1,'2015-05-21 14:30:14',8,3),(327,-1,'中试出厂测试','',36,6,'2015-04-20','2015-04-29',1,'1899-12-30','1899-12-30',1,'项目任务',100,100,'',88,'2015-05-21 14:30:15','2015-05-21 14:30:15',6,1,'2015-05-21 14:30:15',8,3),(328,-1,'项目计划阶段管理跟进','',17,17,'2015-02-04','2015-03-17',1,'1899-12-30','1899-12-30',1,'项目任务',17,100,'',16,'2015-05-21 15:09:27','2015-05-21 15:10:03',6,1,'2015-05-21 15:09:27',3,3),(329,-1,'硬件部分管理跟进','',17,17,'2015-03-25','2015-11-01',1,'1899-12-30','1899-12-30',1,'项目任务',17,100,'',16,'2015-05-21 15:09:27','2015-05-21 15:10:03',4,1,'2015-05-21 15:09:27',3,3),(330,-1,'原型机柜体加工制作','',15,17,'2015-03-25','2015-04-15',1,'1899-12-30','1899-12-30',1,'项目任务',15,100,'',5,'2015-05-21 15:09:27','2015-05-21 15:10:03',6,1,'2015-05-21 15:09:27',3,3),(331,-1,'FPGA模型修改及验证','',19,17,'2015-03-17','2015-04-10',1,'1899-12-30','1899-12-30',1,'项目任务',19,100,'',16,'2015-05-21 15:09:28','2015-05-21 15:10:03',6,1,'2015-05-21 15:09:28',3,3),(332,-1,'柜体内部接线图设计','',17,17,'2015-03-17','2015-04-10',1,'1899-12-30','1899-12-30',1,'项目任务',17,100,'',16,'2015-05-21 15:09:28','2015-05-21 15:10:03',6,1,'2015-05-21 15:09:28',3,3),(333,-1,'原型机柜体组装','',17,17,'2015-04-15','2015-05-10',1,'1899-12-30','1899-12-30',1,'项目任务',100,100,'',16,'2015-05-21 15:10:03','2015-05-21 15:10:03',6,1,'2015-05-21 15:10:03',3,3),(334,-1,'原型机硬件设计调试及定版','',17,17,'2015-04-24','2015-09-22',1,'1899-12-30','1899-12-30',0,'项目任务',0,100,'',16,'1899-12-30 00:00:00','2015-05-21 15:10:03',1,0,'2015-05-21 15:10:03',3,3),(335,-1,'原型机柜体设计调整及定版','',15,17,'2015-04-24','2015-09-22',1,'1899-12-30','1899-12-30',0,'项目任务',0,100,'',5,'1899-12-30 00:00:00','2015-05-21 15:10:03',1,0,'2015-05-21 15:10:03',3,3),(336,-1,'GLSI装置加工生产','',17,17,'2015-09-20','2015-10-20',1,'1899-12-30','1899-12-30',0,'项目任务',0,100,'',16,'1899-12-30 00:00:00','2015-05-21 15:10:03',1,0,'2015-05-21 15:10:03',3,3),(337,-1,'样机柜体加工','',15,17,'2015-09-23','2015-10-20',1,'1899-12-30','1899-12-30',0,'项目任务',0,100,'',5,'1899-12-30 00:00:00','2015-05-21 15:10:03',1,0,'2015-05-21 15:10:03',3,3),(338,-1,'样机柜体组装','',17,17,'2015-10-11','2015-10-28',1,'1899-12-30','1899-12-30',0,'项目任务',0,100,'',16,'1899-12-30 00:00:00','2015-05-21 15:10:03',1,0,'2015-05-21 15:10:03',3,3),(339,-1,'中试样机单体生产评审','',17,17,'2015-11-01','2015-11-01',1,'1899-12-30','1899-12-30',0,'项目任务',0,100,'',16,'1899-12-30 00:00:00','2015-05-21 15:10:03',1,0,'2015-05-21 15:10:03',3,3),(340,-1,'系统测试环境搭建','',17,17,'2015-10-01','2015-10-28',1,'1899-12-30','1899-12-30',0,'项目任务',0,100,'',16,'1899-12-30 00:00:00','2015-05-21 15:10:03',1,0,'2015-05-21 15:10:03',3,3),(341,-1,'应用软件部分管理跟进','',7,17,'2015-05-18','2015-09-23',1,'1899-12-30','1899-12-30',0,'项目任务',0,100,'',4,'1899-12-30 00:00:00','2015-05-21 15:10:03',1,0,'2015-05-21 15:10:03',3,3),(342,-1,'内核移植','',7,17,'2015-05-18','2015-06-11',1,'1899-12-30','1899-12-30',0,'项目任务',0,100,'',4,'1899-12-30 00:00:00','2015-05-21 15:10:03',1,0,'2015-05-21 15:10:03',3,3),(343,-1,'内核验证','',7,17,'2015-06-21','2015-06-25',1,'1899-12-30','1899-12-30',0,'项目任务',0,100,'',4,'1899-12-30 00:00:00','2015-05-21 15:10:03',1,0,'2015-05-21 15:10:03',3,3),(344,-1,'控制逻辑修改及验证','',7,17,'2015-06-27','2015-06-30',1,'1899-12-30','1899-12-30',0,'项目任务',0,100,'',4,'1899-12-30 00:00:00','2015-05-21 15:10:03',1,0,'2015-05-21 15:10:03',3,3),(345,-1,'MMIRTP代码移植及界面调整','',7,17,'2015-06-27','2015-06-30',1,'1899-12-30','1899-12-30',0,'项目任务',0,100,'',4,'1899-12-30 00:00:00','2015-05-21 15:10:03',1,0,'2015-05-21 15:10:03',3,3),(346,-1,'MMIRT通讯规约实现','',7,17,'2015-07-04','2015-07-15',1,'1899-12-30','1899-12-30',0,'项目任务',0,100,'',4,'1899-12-30 00:00:00','2015-05-21 15:10:03',1,0,'2015-05-21 15:10:03',3,3),(347,-1,'原型机单体验证','',7,17,'2015-07-16','2015-09-22',1,'1899-12-30','1899-12-30',0,'项目任务',0,100,'',4,'1899-12-30 00:00:00','2015-05-21 15:10:03',1,0,'2015-05-21 15:10:03',3,3),(348,-1,'原型机单体验证评审资料整理','',7,17,'2015-09-10','2015-09-22',1,'1899-12-30','1899-12-30',0,'项目任务',0,100,'',4,'1899-12-30 00:00:00','2015-05-21 15:10:03',1,0,'2015-05-21 15:10:03',3,3),(349,-1,'原型机单体验证评审','',7,17,'2015-09-23','2015-09-23',1,'1899-12-30','1899-12-30',0,'项目任务',0,100,'',4,'1899-12-30 00:00:00','2015-05-21 15:10:03',1,0,'2015-05-21 15:10:03',3,3),(350,-1,'高级软件部分管理跟进','',31,17,'2015-07-18','2015-12-30',1,'1899-12-30','1899-12-30',0,'项目任务',0,100,'',26,'1899-12-30 00:00:00','2015-05-21 15:10:03',1,0,'2015-05-21 15:10:03',3,3),(351,-1,'通讯功能规约实现','',31,17,'2015-07-18','2015-07-29',1,'1899-12-30','1899-12-30',0,'项目任务',0,100,'',26,'1899-12-30 00:00:00','2015-05-21 15:10:03',1,0,'2015-05-21 15:10:03',3,3),(352,-1,'线程管理实现','',31,17,'2015-08-01','2015-08-19',1,'1899-12-30','1899-12-30',0,'项目任务',0,100,'',26,'1899-12-30 00:00:00','2015-05-21 15:10:03',1,0,'2015-05-21 15:10:03',3,3),(353,-1,'数据库表映射实现','',31,17,'2015-08-23','2015-08-26',1,'1899-12-30','1899-12-30',0,'项目任务',0,100,'',26,'1899-12-30 00:00:00','2015-05-21 15:10:03',1,0,'2015-05-21 15:10:03',3,3),(354,-1,'数据库访问接口实现','',31,17,'2015-08-29','2015-09-10',1,'1899-12-30','1899-12-30',0,'项目任务',0,100,'',26,'1899-12-30 00:00:00','2015-05-21 15:10:03',1,0,'2015-05-21 15:10:03',3,3),(355,-1,'动作数据计算算法实现','',31,17,'2015-09-13','2015-09-24',1,'1899-12-30','1899-12-30',0,'项目任务',0,100,'',26,'1899-12-30 00:00:00','2015-05-21 15:10:04',1,0,'2015-05-21 15:10:04',3,3),(356,-1,'开关数据入库实现','',31,17,'2015-09-27','2015-09-30',1,'1899-12-30','1899-12-30',0,'项目任务',0,100,'',26,'1899-12-30 00:00:00','2015-05-21 15:10:04',1,0,'2015-05-21 15:10:04',3,3),(357,-1,'配置模板入库实现','',31,17,'2015-10-03','2015-10-14',1,'1899-12-30','1899-12-30',0,'项目任务',0,100,'',26,'1899-12-30 00:00:00','2015-05-21 15:10:04',1,0,'2015-05-21 15:10:04',3,3),(358,-1,'测试业务逻辑实现','',31,17,'2015-10-17','2015-10-28',1,'1899-12-30','1899-12-30',0,'项目任务',0,100,'',26,'1899-12-30 00:00:00','2015-05-21 15:10:04',1,0,'2015-05-21 15:10:04',3,3),(359,-1,'测试系统原型调试验证','',31,17,'2015-11-01','2015-12-30',1,'1899-12-30','1899-12-30',0,'项目任务',0,100,'',26,'1899-12-30 00:00:00','2015-05-21 15:10:04',1,0,'2015-05-21 15:10:04',3,3),(360,-1,'测试系统原型验证评审资料准备','',31,17,'2015-12-10','2015-12-30',1,'1899-12-30','1899-12-30',0,'项目任务',0,100,'',26,'1899-12-30 00:00:00','2015-05-21 15:10:04',1,0,'2015-05-21 15:10:04',3,3),(361,-1,'测试系统原型验证评审','',31,17,'2016-01-02','2016-01-02',1,'1899-12-30','1899-12-30',0,'项目任务',0,100,'',26,'1899-12-30 00:00:00','2015-05-21 15:10:04',1,0,'2015-05-21 15:10:04',3,3),(362,-1,'中试部分管理跟进','',33,17,'2015-07-16','2016-02-07',1,'1899-12-30','1899-12-30',0,'项目任务',0,100,'',88,'1899-12-30 00:00:00','2015-05-21 15:10:04',1,0,'2015-05-21 15:10:04',3,3),(363,-1,'了解项目相关知识并参与原型机单体验证','',33,17,'2015-07-16','2015-09-22',1,'1899-12-30','1899-12-30',0,'项目任务',0,100,'',88,'1899-12-30 00:00:00','2015-05-21 15:10:04',1,0,'2015-05-21 15:10:04',3,3),(364,-1,'中试样机单体验证','',33,17,'2015-11-01','2015-11-29',1,'1899-12-30','1899-12-30',0,'项目任务',0,100,'',88,'1899-12-30 00:00:00','2015-05-21 15:10:04',1,0,'2015-05-21 15:10:04',3,3),(365,-1,'中试样机单体验证评审资料准备','',33,17,'2015-11-20','2015-11-29',1,'1899-12-30','1899-12-30',0,'项目任务',0,100,'',88,'1899-12-30 00:00:00','2015-05-21 15:10:04',1,0,'2015-05-21 15:10:04',3,3),(366,-1,'中试样机单体验证评审','',33,17,'2015-11-30','2015-11-30',1,'1899-12-30','1899-12-30',0,'项目任务',0,100,'',88,'1899-12-30 00:00:00','2015-05-21 15:10:04',1,0,'2015-05-21 15:10:04',3,3),(367,-1,'了解项目整体参与测试系统原型验证','',33,17,'2015-11-01','2015-12-30',1,'1899-12-30','1899-12-30',0,'项目任务',0,100,'',88,'1899-12-30 00:00:00','2015-05-21 15:10:04',1,0,'2015-05-21 15:10:04',3,3),(368,-1,'测试系统中试版验证','',33,17,'2016-01-03','2016-01-30',1,'1899-12-30','1899-12-30',0,'项目任务',0,100,'',88,'1899-12-30 00:00:00','2015-05-21 15:10:04',1,0,'2015-05-21 15:10:04',3,3),(369,-1,'测试系统中试版验证评审资料准备','',33,17,'2016-01-15','2016-01-30',1,'1899-12-30','1899-12-30',0,'项目任务',0,100,'',88,'1899-12-30 00:00:00','2015-05-21 15:10:04',1,0,'2015-05-21 15:10:04',3,3),(370,-1,'测试系统中试版验证评审','',33,17,'2016-02-01','2016-02-01',1,'1899-12-30','1899-12-30',0,'项目任务',0,100,'',88,'1899-12-30 00:00:00','2015-05-21 15:10:04',1,0,'2015-05-21 15:10:04',3,3),(371,-1,'测试系统试用版发布','',33,17,'2016-02-07','2016-02-07',1,'1899-12-30','1899-12-30',0,'项目任务',0,100,'',88,'1899-12-30 00:00:00','2015-05-21 15:10:04',1,0,'2015-05-21 15:10:04',3,3),(372,-1,'项目计划阶段管理跟进','',27,7,'2015-04-03','2015-05-15',1,'2015-04-03','2015-04-03',1,'项目任务',27,100,'',26,'2015-05-21 15:39:24','2015-05-22 15:03:27',6,1,'2015-05-21 15:39:24',9,3),(373,-1,'项目立项','',8,7,'2015-04-03','2015-04-03',1,'2015-04-03','2015-04-03',1,'项目任务',8,100,'',4,'2015-05-21 15:39:24','2015-05-22 15:03:27',6,1,'2015-05-21 15:39:24',9,3),(374,-1,'总体设计方案编写','',7,7,'2015-04-13','2015-05-06',1,'2015-04-13','2015-05-06',1,'项目任务',7,100,'',4,'2015-05-21 15:39:24','2015-05-22 15:03:27',6,1,'2015-05-21 15:39:24',9,3),(375,-1,'总体设计方案评审','',7,7,'2015-05-15','2015-05-15',1,'2015-05-15','2015-05-15',1,'项目任务',7,100,'',4,'2015-05-21 15:39:24','2015-05-22 15:03:27',6,1,'2015-05-21 15:39:24',9,3),(376,-1,'总体计划编写','',7,7,'2015-05-15','2015-05-15',1,'2015-05-15','2015-05-15',1,'项目任务',7,100,'',4,'2015-05-21 15:39:24','2015-05-22 15:03:27',6,1,'2015-05-21 15:39:24',9,3),(377,-1,'总体计划方案评审','',7,7,'2015-05-15','2015-05-15',1,'2015-05-15','2015-05-15',1,'项目任务',7,100,'',4,'2015-05-21 15:39:24','2015-05-22 15:03:27',6,1,'2015-05-21 15:39:24',9,3),(378,-1,'原型机阶段','',27,7,'2015-05-06','2015-08-17',1,'2015-05-06','1899-12-30',1,'项目任务',27,100,'',26,'2015-05-21 15:39:24','2015-05-22 15:03:27',4,1,'2015-05-21 15:39:30',9,3),(379,-1,'机箱图纸设计','',22,7,'2015-05-06','2015-05-18',22.5,'2015-05-06','2015-05-18',22.5,'项目任务',22,100,'',16,'2015-05-21 15:39:30','2015-05-22 15:03:27',6,1,'2015-05-21 15:39:30',9,3),(380,-1,'初版原理图设计','',18,7,'2015-05-06','2015-05-18',22.5,'2015-05-06','2015-05-18',22.5,'项目任务',18,100,'',16,'2015-05-21 15:39:30','2015-05-22 15:03:27',6,1,'2015-05-21 15:39:30',9,3),(381,-1,'制作原型机机箱','',22,7,'2015-05-19','2015-06-15',30,'1899-12-30','1899-12-30',0,'项目任务',22,100,'',16,'1899-12-30 00:00:00','2015-05-22 15:03:27',1,0,'2015-05-21 15:39:30',9,3),(382,-1,'板件PCB设计','',24,7,'2015-05-18','2015-05-31',1,'1899-12-30','1899-12-30',0,'项目任务',24,100,'',16,'1899-12-30 00:00:00','2015-05-22 15:03:27',1,0,'2015-05-21 15:39:30',9,3),(383,-1,'原型机硬件初版加工制作','',18,7,'2015-06-01','2015-06-22',30,'1899-12-30','1899-12-30',0,'项目任务',18,100,'',16,'1899-12-30 00:00:00','2015-05-22 15:03:27',1,0,'2015-05-21 15:39:30',9,3),(384,-1,'FPGA程序调试','',23,7,'2015-05-30','2015-06-22',1,'1899-12-30','1899-12-30',0,'项目任务',23,100,'',16,'1899-12-30 00:00:00','2015-05-22 15:03:27',1,0,'2015-05-21 15:39:30',9,3),(385,-1,'数据通讯任务调试','',32,7,'2015-05-17','2015-05-27',15,'1899-12-30','1899-12-30',0,'项目任务',32,100,'',26,'1899-12-30 00:00:00','2015-05-22 15:03:27',1,0,'2015-05-21 15:39:30',9,3),(386,-1,'图形库及绘图模块调试','',32,7,'2015-06-01','2015-06-10',15,'1899-12-30','1899-12-30',0,'项目任务',32,100,'',26,'1899-12-30 00:00:00','2015-05-22 15:03:27',1,0,'2015-05-21 15:39:30',9,3),(387,-1,'定值服务任务调试','',32,7,'2015-06-11','2015-06-22',15,'1899-12-30','1899-12-30',0,'项目任务',32,100,'',26,'1899-12-30 00:00:00','2015-05-22 15:03:27',1,0,'2015-05-21 15:39:30',9,3),(388,-1,'引导内核和应用内核调试','\r\n;2015-05-22 15:31:21谭斌同意任务申请',27,7,'2015-05-15','2015-05-31',1,'2015-05-22','2015-05-22',2,'项目任务',27,102,'',26,'2015-05-22 15:31:21','2015-05-22 15:03:28',5,3,'2015-05-22 15:31:00',9,3),(389,-1,'软件联调','',32,7,'2015-06-22','2015-07-06',22.5,'1899-12-30','1899-12-30',0,'项目任务',32,100,'',26,'1899-12-30 00:00:00','2015-05-22 15:03:28',1,0,'2015-05-21 15:39:30',9,3),(390,-1,'原型机测试','',36,7,'2015-07-07','2015-07-31',1,'1899-12-30','1899-12-30',0,'项目任务',36,100,'',88,'1899-12-30 00:00:00','2015-05-22 15:03:28',1,0,'2015-05-21 15:39:30',9,3),(391,-1,'第二版原理图设计','',18,7,'2015-06-22','2015-06-29',15,'1899-12-30','1899-12-30',0,'项目任务',18,100,'',16,'1899-12-30 00:00:00','2015-05-22 15:03:28',1,0,'2015-05-21 15:39:30',9,3),(392,-1,'第二版PCB设计','',24,7,'2015-06-30','2015-07-07',1,'1899-12-30','1899-12-30',0,'项目任务',24,100,'',16,'1899-12-30 00:00:00','2015-05-22 15:03:28',1,0,'2015-05-21 15:39:30',9,3),(393,-1,'第二版硬件加工制作','',18,7,'2015-07-07','2015-07-27',30,'1899-12-30','1899-12-30',0,'项目任务',18,100,'',16,'1899-12-30 00:00:00','2015-05-22 15:03:28',1,0,'2015-05-21 15:39:30',9,3),(394,-1,'初版原型机软件消缺','',32,7,'2015-07-07','2015-07-31',37.5,'1899-12-30','1899-12-30',0,'项目任务',32,100,'',26,'1899-12-30 00:00:00','2015-05-22 15:03:28',1,0,'2015-05-21 15:39:30',9,3),(395,-1,'第二版原型机测试','',36,7,'2015-08-03','2015-08-17',1,'1899-12-30','1899-12-30',0,'项目任务',36,100,'',88,'1899-12-30 00:00:00','2015-05-22 15:03:28',1,0,'2015-05-21 15:39:30',9,3),(396,-1,'原型机实现评审','',27,7,'2015-08-17','2015-08-17',1,'1899-12-30','1899-12-30',0,'项目任务',27,100,'',26,'1899-12-30 00:00:00','2015-05-22 15:03:28',1,0,'2015-05-21 15:39:30',9,3),(397,-1,'中试样机阶段','',36,7,'2015-09-18','2015-10-19',1,'1899-12-30','1899-12-30',0,'项目任务',36,100,'',88,'1899-12-30 00:00:00','2015-05-22 15:03:28',1,0,'2015-05-21 15:39:30',9,3),(398,-1,'中试样机测试','',36,7,'2015-09-18','2015-10-19',1,'1899-12-30','1899-12-30',0,'项目任务',36,100,'',88,'1899-12-30 00:00:00','2015-05-22 15:03:28',1,0,'2015-05-21 15:39:30',9,3),(399,-1,'中试样机评审','',27,7,'2015-10-19','2015-10-19',1,'1899-12-30','1899-12-30',0,'项目任务',27,100,'',26,'1899-12-30 00:00:00','2015-05-22 15:03:28',1,0,'2015-05-21 15:39:30',9,3);

#
# Structure for table "fathertask"
#

DROP TABLE IF EXISTS `fathertask`;
CREATE TABLE `fathertask` (
  `id` int(11) NOT NULL AUTO_INCREMENT,
  `father_id` int(11) DEFAULT NULL,
  `task_id` int(11) DEFAULT NULL,
  PRIMARY KEY (`id`),
  KEY `id` (`id`),
  KEY `father_id` (`father_id`),
  KEY `task_id` (`task_id`),
  CONSTRAINT `fathertask_ibfk_1` FOREIGN KEY (`father_id`) REFERENCES `task` (`task_id`),
  CONSTRAINT `fathertask_ibfk_2` FOREIGN KEY (`task_id`) REFERENCES `task` (`task_id`)
) ENGINE=InnoDB AUTO_INCREMENT=102 DEFAULT CHARSET=utf8;

#
# Data for table "fathertask"
#

INSERT INTO `fathertask` VALUES (1,223,224),(2,223,225),(3,223,226),(4,223,227),(5,228,229),(6,228,230),(7,228,231),(8,228,232),(9,228,233),(10,228,234),(11,228,235),(12,228,236),(13,228,237),(14,228,238),(15,239,240),(16,239,241),(17,239,242),(18,239,243),(19,239,244),(20,239,245),(21,239,246),(22,239,247),(23,239,248),(24,249,250),(25,249,251),(26,249,252),(27,253,254),(28,253,255),(29,253,256),(30,253,257),(31,253,258),(32,253,259),(33,223,222),(34,329,330),(35,329,331),(36,329,332),(37,329,333),(38,329,334),(39,329,335),(40,329,336),(41,329,337),(42,329,338),(43,329,339),(44,329,340),(45,341,342),(46,341,343),(47,341,344),(48,341,345),(49,341,346),(50,341,347),(51,341,348),(52,341,349),(53,350,351),(54,350,352),(55,350,353),(56,350,354),(57,350,355),(58,350,356),(59,350,357),(60,350,358),(61,350,359),(62,350,360),(63,350,361),(64,362,363),(65,362,364),(66,362,365),(67,362,366),(68,362,367),(69,362,368),(70,362,369),(71,362,370),(72,362,371),(77,378,379),(78,378,380),(79,378,381),(80,378,382),(81,378,383),(82,378,384),(83,378,385),(84,378,386),(85,378,387),(86,378,388),(87,378,389),(88,378,390),(89,378,391),(90,378,392),(91,378,393),(92,378,394),(93,378,395),(94,378,396),(95,397,398),(96,397,399),(97,372,373),(98,372,374),(99,372,375),(100,372,376),(101,372,377);

#
# Structure for table "schedule"
#

DROP TABLE IF EXISTS `schedule`;
CREATE TABLE `schedule` (
  `schedule_id` int(11) NOT NULL AUTO_INCREMENT,
  `task_id` int(11) DEFAULT NULL COMMENT '进度所属任务ID，外键',
  `schedule_des` varchar(255) DEFAULT NULL COMMENT '进度描述',
  `schedule_scr` int(11) DEFAULT '0' COMMENT '此次更新的加减分',
  `schedule_tim` float DEFAULT '0' COMMENT '此次更新的工期，单位小时',
  `schedule_promanager_comment` varchar(255) DEFAULT '' COMMENT '项目经理意见',
  `schedule_depmanager_comment` varchar(255) DEFAULT '' COMMENT '主管评分说明',
  `schedule_percent` int(11) DEFAULT '0' COMMENT '此次任务完成百分比',
  `update_time` datetime DEFAULT '0000-00-00 00:00:00' COMMENT '更新事件时间',
  `skipReview` int(1) NOT NULL DEFAULT '0' COMMENT '0:未评审， 2：跳过不进行评审 1:已评审',
  `skipPrjReview` int(1) NOT NULL DEFAULT '0' COMMENT '0:未评审， 2：跳过不进行评审 1:已评审',
  PRIMARY KEY (`schedule_id`),
  KEY `id` (`schedule_id`) USING BTREE,
  KEY `task_id` (`task_id`),
  CONSTRAINT `schedule_ibfk_1` FOREIGN KEY (`task_id`) REFERENCES `task` (`task_id`)
) ENGINE=InnoDB AUTO_INCREMENT=363 DEFAULT CHARSET=utf8 COMMENT='进度';

#
# Data for table "schedule"
#

INSERT INTO `schedule` VALUES (183,186,'\n12月5日：完成。',0,100,'','',100,'2015-05-06 15:15:37',0,0),(184,187,'\n12月5日：完成',0,100,'','',100,'2015-05-06 15:15:37',0,0),(185,188,'11月17日：完成',0,100,'','',100,'2015-05-06 15:15:37',0,0),(186,189,'11月24日：完成',0,100,'','',100,'2015-05-06 15:15:37',0,0),(187,190,'12月8日：已经下发技术更改通知单，更换质量更好的SD卡座',0,100,'','',100,'2015-05-06 15:15:37',0,0),(188,191,'\n1月13日：控制逻辑和基本的功能基本上没有问题了，现在主要剩下的新驱动板针对线圈检测功能和直流量新采集方案这一部分还没测完，现在与硬件组一起在调试驱动板开入量线圈检测功能，103和Modlbus已经测完，GOOSE正在测试，MMS是下一步的测试内容',0,100,'','',100,'2015-05-06 15:15:37',0,0),(189,192,'12月16日：已向生产发布更改通知单。',0,100,'','',100,'2015-05-06 15:15:37',0,0),(190,193,'12月16日：焊接完成，准备调试。          12月25日：电压输出已经优化，板件调试结果为有改善但不是非常理想，在开关动作的过程中还是会导致15V电压会出现波动，但比优化前要小；优化方案准备采用隔离变压器进行改进互感器和电压测量方式。   ',0,100,'','',100,'2015-05-06 15:15:37',0,0),(191,194,'12月22日：采购部因为提供的模具厂家报价偏高，现一直在重新找其他模具厂家，进行比价后在下单打样\n1月15日：样品已完成，结构已确定，送样的材质较软，已要求重新调制材料硬度。',0,100,'','',100,'2015-05-06 15:15:37',0,0),(192,195,'12月22日：金塞德电源下周到。                   12月22日：桶式拉丝氧化的机箱已经过拷机，常温(18度左右)下为：50度左右；40度高温拷机机箱温度为：59度左右。                  12月25日：102版GLSI机箱暂时定为筒式机箱（拉丝氧化外加上下板开小孔）',0,100,'','',100,'2015-05-06 15:15:38',0,0),(193,196,'12月25日：金塞德电源下周到。\n12月29日：金塞德今天寄出。                 1月5日：已经上电拷机，发热问题没有得到改进，机箱温度过高的问题还是需要结构上来解决。',0,100,'','',100,'2015-05-06 15:15:38',0,0),(194,197,'12月29日：机箱已经加工回来，等待新做总线板加工                           \n1月5日：拼装了一台，室温18°左右拷机机箱温度为45°左右，比桶式机箱下降三四度。\n1月12日：等待总线板加工完成后，焊接并组装一台后拷机测试。\n1月16日;已做好两台铝型材机箱样机，下周一开始高温拷机。                    \n1月21日：高温55℃拷机机箱内部温度为77℃。',0,100,'','',100,'2015-05-06 15:15:38',0,0),(195,198,'12月22日：采购新找到一家液晶供应商，硬件这边确定基本可以使用，等待采购取得样品。\n1月7日：已确定先采用“新锐达”液晶进行验证。',0,100,'','',100,'2015-05-06 15:15:38',0,0),(196,199,'12月16日：此问题，没有再现。',0,100,'','',100,'2015-05-06 15:15:38',0,0),(197,200,'1月9日：已经确认配合没有问题，开关柜柜门需要加强。',0,100,'','',100,'2015-05-06 15:15:38',0,0),(198,201,'1月13日：GLSI硬件BOM已通过工艺审核，PMC正在录入\n1月14日：已完成录入',0,100,'','',100,'2015-05-06 15:15:38',0,0),(199,202,'\n1月12日：已完成两套筒式机箱的103完整样机，等待铝合金型材机箱的总线板加工回来后再组装2台。\n1月16日：已完成两套铝合金型材的样机，加上两套筒式机箱的样机一共有完整的4台样机。',0,100,'','',100,'2015-05-06 15:15:38',0,0),(200,203,'1月13日：GLSI硬件最终BOM正在录入，预计1月15日可录完，录完后通知PMC生产样机。                                                                              1月14日：GLSI硬件最终BOM已录入。    \n1月19日：下发CPU103委外加工文件，并通知杨工准备相关委外文件，要求系统板2月13日回到。                          1月20日：下发研发样机生产加工单，要求生产完成时间2月13日',0,100,'','',100,'2015-05-06 15:15:38',0,0),(201,204,'1月21日：等待采购申请稳压管样品进行参数微调。80%\n3月11日：采购申请的样品到了，准备修改参数进行试验测试。\n3月16日：已经修改完参数等待中试测试。          4月2日：3月23日已验证完成，下发了技术更改通知单统一更改',0,100,'','',100,'2015-05-06 15:15:38',0,0),(202,205,'1月21日：目前按照开入量进行线圈检测的方案，程序和驱动板都已经改好，初步测试也没有什么问题，需要进一步加强测试。90%\n3月3日：旧系统板上单相A相已验证通过，新样机三相也验证通过，光耦的电压值需要进一步验证其合理性。95%\n3月19日：验证改板后电压为180V，符合要求，经验证后通过。后续试产10台装置是否需要统一修改？',0,100,'','',100,'2015-05-06 15:15:38',0,0),(203,206,'1月12日：新锐达供应商已经过来确认修改方案，有待打样寄出。\n1月16日：厂家回复2月10号左右提供样品。                                      1月22日：与欣瑞达签订技术质量保证协议，同时采购签订合同，液晶屏首样在2月10日前送达。                         2月4日：厂家回复10号可正常交货。     \n2月9日：采购回复液晶屏样品已于今天早上发出。                                        2月10日：液',0,100,'','',100,'2015-05-06 15:15:38',0,0),(204,207,'3月3日：在经过常温高温烤机、静电试验后，将液晶屏的问题汇总给了欣瑞达，厂家进行更换芯片及硬件优化后，第二版样品可在3月16日左右寄出。\n3月16日：欣瑞达反馈由于有一款物料欠料，发货日期需推迟到19号。                         3月19日：欣瑞达第二版样屏到达，经测试，液晶上电时的一条白线没有了，但换页时的拖影现象还是存在，但相对上一版有明显改善。 欣瑞达工程师将于23日过来处理。                       3月23日：欣瑞达工程师过来，现场调试，更改屏的对比度',0,100,'','',100,'2015-05-06 15:15:38',0,0),(205,208,'1月13日：营销正在采购其他供应商的电容器保护用于组柜，成套组需要根据最终采购的保护型号来设计样柜的接线及开孔尺寸图纸\n2月28日：已采购一台四方保护装置并完成了柜体二次图纸的设计',0,100,'','',100,'2015-05-06 15:15:38',0,0),(206,209,'12月22日：考虑重新选取一种采集电压的电路(隔离运放)                         \n12月25日：初步选定方案，在申请样品，申请新物料，建立原理图库，准备设计原理图。\n12月29日：样品已经部分到货，原理图基本完成                               1月5日：原理图已经完成，准备设计PCB板，芯片样品全部备好，需要采购一些组容器件。\n1月16日：已发出去做板，预计1月27日能拿到PCB板。40%\n1月26日：已焊接完一块样板，准备调试。          ',0,100,'','',100,'2015-05-06 15:15:38',0,0),(207,210,'2月4日：已完成原理图设计，预计2月10日完成PCB板件设计。20%                          3月3日：PCB板预计下周加工完成。\n3月11日：已经准备领料焊接，等待焊接完成。  3月26日：测试完成，采用隔离运放测电压可以实现，技术参数稍稍优于霍尔传感器测电压方案。电流测量电路因为取样电阻阻值取得太小，需要申请较大的阻值的样品进行测试。因为有多级运放在中间目前看来不太适合，还需进一步测试验证。',0,100,'','',100,'2015-05-06 15:15:38',0,0),(208,211,'2月4日：找到一家供应商，正在打样；同时也在寻找其他供应商。10%                        3月3日：找到一家供应商的，并已经提供样品需要跟进测试。                                                                                                                                                                         ',0,100,'','',10,'2015-05-06 15:15:38',0,0),(209,212,'12月16日：软件已发布',0,100,'','',100,'2015-05-06 15:15:38',0,0),(210,213,'12月16日：跟林工确认了，现场为线电压接线方式',0,100,'','',100,'2015-05-06 15:15:38',0,0),(211,214,'12月22日：机箱已加工完成，等待结构设计人员进行装配确认。                   \n12月25日：陈荣已经确认，旧设计的问题依然没有得到厂家的修改，建议将该任务变更到陈荣负责。   \n1月6日：厂家按要求重新制作的面板装配无误；电容夹还是没按图纸制作，已反馈并要求返工。80%   \n1月16日:未到货。1月15日已发出，预计1月21日安装确定。\n1月20日：电容夹已回，安装无误',0,100,'','',100,'2015-05-06 15:15:38',0,0),(212,215,'12月16日：211T软件已发布，具备发货条件，跟进生产发货可能出现的问题       \n12月22日：客户要求过来验收后发货，推迟到12月30日\n12月26日：25日客户完成验收，26日生产安排正常发货',0,100,'','',100,'2015-05-06 15:15:38',0,0),(213,216,'1月20日：硬件部已下发研发样机生产加工单',0,100,'','',100,'2015-05-06 15:15:38',0,0),(214,217,'12月17日：GLSI的控制逻辑已基本验证完成，现在尚未解决的问题（1.硬件结构最终方案的确定；2.线圈检测方案的确定；3.目前已发现的硬件问题的消缺）             \n1月13日：已确定供货样机方案，等BOM录入后通知PMC备货。40%\n2月28日: 已按出货要求完成10台样机的生产，接下来由中试部完成出厂测试 50%\n3月23日：截止3月22日，4台准备发货的GLSI装置已经制作完成，并完成了高温拷机、常温拷机和出厂测试，已具备发货条件。',0,100,'','',100,'2015-05-06 15:15:38',0,0),(215,218,'3月3日：现在在进行第一轮初测，初测完进行高温拷机，再进行常温拷机，待常温拷机时候，再发布第一版软件。30%\n3月6日：今天可以完成8台的高温拷机，高温拷机液晶屏发白，但是温度降下来后能恢复正常，其他无异常，下一步带着MMS进行常温拷机。60%\n3月19日：样机现在处于正常常温拷机状态，无异常，一楼GLSI样柜调试已经完成。80%',0,100,'','',100,'2015-05-06 15:15:38',0,0),(216,219,'完成',0,100,'','',100,'2015-05-06 15:15:38',0,0),(217,220,'4月3日：完成50%',0,100,'','',100,'2015-05-06 15:15:38',0,0),(218,221,'4月24日：已下生产单',0,10,'','',10,'2015-05-06 15:15:38',0,0),(219,260,'2月6日：原理图设计已完成，剩余的工作主要是根据布线要求，调整FPGA IO位置；PCB布线正在进行，按照计划是在2月10日完成；                    \n2月11日：已发出去制作PCB板',0,10,'','',1,'2015-05-14 13:49:05',0,0),(220,261,'3月1日：申请委外加工，目前正处于备料以及准备加工文件阶段；预计3月9日所有物料备齐并外发加工；                         3月13日：接供应商宇创达的通知，3月20日上午9点左右上线焊接                            3月18日：板件加工完成，已领料',0,10,'','',1,'2015-05-14 13:49:05',0,0),(221,262,'3月31日：完成',0,10,'','',1,'2015-05-14 13:49:05',0,0),(222,263,'完成',0,10,'','',1,'2015-05-14 13:49:05',0,0),(223,264,'4月13日：完成',0,10,'','',1,'2015-05-14 13:49:06',0,0),(224,276,'完成',0,10,'','',1,'2015-05-14 14:28:50',0,0),(225,277,'完成',0,10,'','',1,'2015-05-14 14:28:50',0,0),(226,278,'完成',0,10,'','',1,'2015-05-14 14:28:50',0,0),(227,279,'完成',0,10,'','',1,'2015-05-14 14:28:50',0,0),(228,280,'完成',0,10,'','',1,'2015-05-14 14:28:50',0,0),(229,281,'完成',0,10,'','',1,'2015-05-14 14:28:50',0,0),(230,282,'3月30日：已采购转换器，目前正在试验；                   4月3日 ：已确定采用转换器方案，由于目前采购的转换器仅支持4:3分辨率，导致软件可能需要设计两套。因此，接下来就是找到能用于16:9分辨率的转换器，这样软件就不用设计两种方案。已在网上找到转换器，正在申请采购。',0,10,'','',1,'2015-05-14 14:28:50',0,0),(231,283,'完成',0,10,'','',1,'2015-05-14 14:28:50',0,0),(232,284,'完成',0,10,'','',1,'2015-05-14 14:28:50',0,0),(233,285,'完成',0,10,'','',1,'2015-05-14 14:28:50',0,0),(234,286,' 4月30日：通讯协议框架已经确定，完成与2FY通讯调试，需等待视频插件板的到来才能做进一步调试。',0,10,'','',1,'2015-05-14 14:28:50',0,0),(235,288,'2月6日：原理图设计已完成，剩余的工作主要是根据布线要求，调整FPGA IO位置；PCB布线正在进行，按照计划是在2月10日完成；                    \n2月11日：已发出去制作PCB板',0,1,'','',1,'2015-05-21 13:49:33',0,0),(236,289,'3月1日：申请委外加工，目前正处于备料以及准备加工文件阶段；预计3月9日所有物料备齐并外发加工；                         3月13日：接供应商宇创达的通知，3月20日上午9点左右上线焊接                            3月18日：板件加工完成，已领料',0,1,'','',1,'2015-05-21 13:49:33',0,0),(237,290,'3月31日：完成',0,1,'','',1,'2015-05-21 13:49:33',0,0),(238,291,'完成',0,1,'','',1,'2015-05-21 13:49:34',0,0),(239,292,'4月13日：完成',0,1,'','',1,'2015-05-21 13:49:34',0,0),(240,303,'完成',0,1,'','',100,'2015-05-21 14:29:13',0,0),(241,304,'完成',0,1,'','',100,'2015-05-21 14:29:13',0,0),(242,305,'完成',0,1,'','',100,'2015-05-21 14:29:13',0,0),(243,306,'完成',0,1,'','',100,'2015-05-21 14:29:13',0,0),(244,307,'完成',0,1,'','',100,'2015-05-21 14:29:13',0,0),(245,308,'3月6日：图纸设计完成，已经发单打样',0,1,'','',100,'2015-05-21 14:29:13',0,0),(246,309,'3月11日：2台打样机箱已经寄出，13日前能到货；\n3月13日：样机到货，暂无问题，准备下采购单采购\n3月26日：机箱26日下午到货',0,1,'','',100,'2015-05-21 14:29:13',0,0),(247,310,'完成',0,1,'','',100,'2015-05-21 14:29:13',0,0),(248,303,'完成',0,1,'','',100,'2015-05-21 14:29:51',0,0),(249,304,'完成',0,1,'','',100,'2015-05-21 14:29:51',0,0),(250,305,'完成',0,1,'','',100,'2015-05-21 14:29:51',0,0),(251,306,'完成',0,1,'','',100,'2015-05-21 14:29:51',0,0),(252,307,'完成',0,1,'','',100,'2015-05-21 14:29:51',0,0),(253,308,'3月6日：图纸设计完成，已经发单打样',0,1,'','',100,'2015-05-21 14:29:51',0,0),(254,309,'3月11日：2台打样机箱已经寄出，13日前能到货；\n3月13日：样机到货，暂无问题，准备下采购单采购\n3月26日：机箱26日下午到货',0,1,'','',100,'2015-05-21 14:29:51',0,0),(255,310,'完成',0,1,'','',100,'2015-05-21 14:29:51',0,0),(256,311,'完成',0,1,'','',100,'2015-05-21 14:29:51',0,0),(257,312,'3月6日：PCB板制作中，预计9日到货，委外加工申请单已发，告知PMC备货；\n3月11日：库房正在备货，5款物料缺料，正在采购中，预计20日到货\n3月13日：跟进中\n3月26日：板件已到库房',0,1,'','',100,'2015-05-21 14:29:52',0,0),(258,313,'4月1日：完成组装',0,1,'','',100,'2015-05-21 14:29:52',0,0),(259,314,'完成',0,1,'','',100,'2015-05-21 14:29:52',0,0),(260,303,'完成',0,1,'','',100,'2015-05-21 14:30:14',0,0),(261,304,'完成',0,1,'','',100,'2015-05-21 14:30:14',0,0),(262,305,'完成',0,1,'','',100,'2015-05-21 14:30:14',0,0),(263,306,'完成',0,1,'','',100,'2015-05-21 14:30:14',0,0),(264,307,'完成',0,1,'','',100,'2015-05-21 14:30:14',0,0),(265,308,'3月6日：图纸设计完成，已经发单打样',0,1,'','',100,'2015-05-21 14:30:14',0,0),(266,309,'3月11日：2台打样机箱已经寄出，13日前能到货；\n3月13日：样机到货，暂无问题，准备下采购单采购\n3月26日：机箱26日下午到货',0,1,'','',100,'2015-05-21 14:30:14',0,0),(267,310,'完成',0,1,'','',100,'2015-05-21 14:30:14',0,0),(268,311,'完成',0,1,'','',100,'2015-05-21 14:30:14',0,0),(269,312,'3月6日：PCB板制作中，预计9日到货，委外加工申请单已发，告知PMC备货；\n3月11日：库房正在备货，5款物料缺料，正在采购中，预计20日到货\n3月13日：跟进中\n3月26日：板件已到库房',0,1,'','',100,'2015-05-21 14:30:14',0,0),(270,313,'4月1日：完成组装',0,1,'','',100,'2015-05-21 14:30:14',0,0),(271,314,'完成',0,1,'','',100,'2015-05-21 14:30:14',0,0),(272,315,'完成',0,1,'','',100,'2015-05-21 14:30:14',0,0),(273,316,'4月1日：将修改后的结构发给厂家，并下了10套采购单，厂家回复可进行中交货。        \n4月2日：与厂家沟通箱盖固定方式的问题，并等待厂家加工图纸回传确认。            4月16日：机箱回到仓库，检查发现卡扣偏了，且有认为掰动的痕迹，喷漆出现裂纹，待板件回到装配后一块问题汇总。            ',0,1,'','',100,'2015-05-21 14:30:14',0,0),(274,317,'4月24日：板件回到，装配发现有一个铆钉铆偏，网口上偏，将其寄返厂家返工，订与5月5日送货。',0,1,'','',100,'2015-05-21 14:30:14',0,0),(275,318,'完成',0,1,'','',100,'2015-05-21 14:30:14',0,0),(276,319,'4月2日：板件机箱均已下单制作，机箱计划16日到货，板件计划17日到货，有可能后延\n------------------------------------------                             4月17日 ： 据采购反馈，板件于下周三交货，进行中流程下周五可进行测试\n-----------------------------------------\n4月24日：板件焊接回来，机箱有问题已经返修，预计5月5日',0,1,'','',100,'2015-05-21 14:30:14',0,0),(277,320,'3月12日：完成100%',0,1,'','',100,'2015-05-21 14:30:14',0,0),(278,321,'3月12日：完成100%',0,1,'','',100,'2015-05-21 14:30:14',0,0),(279,322,'3月19日：完成100%',0,1,'','',100,'2015-05-21 14:30:14',0,0),(280,323,'3月19日：完成30%\n3月24日：完成100%',0,1,'','',100,'2015-05-21 14:30:14',0,0),(281,324,'4月1日：串口定义有差异，已更正\n4月2日：暂无问题\n4月5日：完成',0,1,'','',100,'2015-05-21 14:30:14',0,0),(282,325,'4月1日：完成30%\n4月3日：完成60%\n4月13日：完成100%',0,1,'','',100,'2015-05-21 14:30:14',0,0),(283,326,'完成',0,1,'','',100,'2015-05-21 14:30:15',0,0),(284,327,'完成',0,1,'','',100,'2015-05-21 14:30:15',0,0),(285,328,'完成',0,1,'','',100,'2015-05-21 15:09:27',0,0),(286,329,'进行中',0,1,'','',20,'2015-05-21 15:09:27',0,0),(287,330,'3月26日：已经下单采购2台样柜，计划4月10日完成\n4月1日：等待柜体到货',0,1,'','',100,'2015-05-21 15:09:28',0,0),(288,331,'4月1日：模型整理中，需要软件配合',0,1,'','',100,'2015-05-21 15:09:28',0,0),(289,332,'3月26日：进行中\n4月1日：进行中，预计下周完成\n4月2日：8日前完成\n4月24日：完成',0,1,'','',100,'2015-05-21 15:09:28',0,0),(290,328,'完成',0,1,'','',100,'2015-05-21 15:10:03',0,0),(291,329,'进行中',0,1,'','',20,'2015-05-21 15:10:03',0,0),(292,330,'3月26日：已经下单采购2台样柜，计划4月10日完成\n4月1日：等待柜体到货',0,1,'','',100,'2015-05-21 15:10:03',0,0),(293,331,'4月1日：模型整理中，需要软件配合',0,1,'','',100,'2015-05-21 15:10:03',0,0),(294,332,'3月26日：进行中\n4月1日：进行中，预计下周完成\n4月2日：8日前完成\n4月24日：完成',0,1,'','',100,'2015-05-21 15:10:03',0,0),(295,333,'完成',0,1,'','',100,'2015-05-21 15:10:03',0,0),(296,372,'完成',0,1,'','',100,'2015-05-21 15:39:24',0,0),(297,373,'完成',0,1,'','',100,'2015-05-21 15:39:24',0,0),(298,374,'4月17号：此项目基于同期视频方案预研项目，方案已经确定，正在编写详细设计方案说明书。',0,1,'','',100,'2015-05-21 15:39:24',0,0),(299,375,'完成',0,1,'','',100,'2015-05-21 15:39:24',0,0),(300,376,'完成',0,1,'','',100,'2015-05-21 15:39:24',0,0),(301,377,'完成',0,1,'','',100,'2015-05-21 15:39:24',0,0),(303,379,'完成',0,22.5,'','',100,'2015-05-21 15:39:30',0,0),(304,380,'完成',0,22.5,'','',100,'2015-05-21 15:39:30',0,0),(305,372,'完成',0,1,'','',100,'2015-05-21 15:40:16',0,0),(306,373,'完成',0,1,'','',100,'2015-05-21 15:40:16',0,0),(307,374,'4月17号：此项目基于同期视频方案预研项目，方案已经确定，正在编写详细设计方案说明书。',0,1,'','',100,'2015-05-21 15:40:16',0,0),(308,375,'完成',0,1,'','',100,'2015-05-21 15:40:16',0,0),(309,376,'完成',0,1,'','',100,'2015-05-21 15:40:16',0,0),(310,377,'完成',0,1,'','',100,'2015-05-21 15:40:16',0,0),(312,379,'完成',0,22.5,'','',100,'2015-05-21 15:40:16',0,0),(313,380,'完成',0,22.5,'','',100,'2015-05-21 15:40:16',0,0),(314,372,'完成',0,1,'','',100,'2015-05-21 15:41:55',0,0),(315,373,'完成',0,1,'','',100,'2015-05-21 15:41:55',0,0),(316,374,'4月17号：此项目基于同期视频方案预研项目，方案已经确定，正在编写详细设计方案说明书。',0,1,'','',100,'2015-05-21 15:41:55',0,0),(317,375,'完成',0,1,'','',100,'2015-05-21 15:41:55',0,0),(318,376,'完成',0,1,'','',100,'2015-05-21 15:41:55',0,0),(319,377,'完成',0,1,'','',100,'2015-05-21 15:41:55',0,0),(321,379,'完成',0,22.5,'','',100,'2015-05-21 15:41:55',0,0),(322,380,'完成',0,22.5,'','',100,'2015-05-21 15:41:55',0,0),(323,372,'完成',0,1,'','',100,'2015-05-22 14:57:38',0,0),(324,373,'完成',0,1,'','',100,'2015-05-22 14:57:38',0,0),(325,374,'4月17号：此项目基于同期视频方案预研项目，方案已经确定，正在编写详细设计方案说明书。',0,1,'','',100,'2015-05-22 14:57:38',0,0),(326,375,'完成',0,1,'','',100,'2015-05-22 14:57:38',0,0),(327,376,'完成',0,1,'','',100,'2015-05-22 14:57:38',0,0),(328,377,'完成',0,1,'','',100,'2015-05-22 14:57:38',0,0),(330,379,'完成',0,22.5,'','',100,'2015-05-22 14:57:38',0,0),(331,380,'完成',0,22.5,'','',100,'2015-05-22 14:57:38',0,0),(332,372,'完成',0,1,'','',100,'2015-05-22 15:01:57',0,0),(333,373,'完成',0,1,'','',100,'2015-05-22 15:01:57',0,0),(334,374,'4月17号：此项目基于同期视频方案预研项目，方案已经确定，正在编写详细设计方案说明书。',0,1,'','',100,'2015-05-22 15:01:58',0,0),(335,375,'完成',0,1,'','',100,'2015-05-22 15:01:58',0,0),(336,376,'完成',0,1,'','',100,'2015-05-22 15:01:58',0,0),(337,377,'完成',0,1,'','',100,'2015-05-22 15:01:58',0,0),(339,379,'完成',0,22.5,'','',100,'2015-05-22 15:01:58',0,0),(340,380,'完成',0,22.5,'','',100,'2015-05-22 15:01:58',0,0),(341,372,'完成',0,1,'','',100,'2015-05-22 15:03:27',0,0),(342,373,'完成',0,1,'','',100,'2015-05-22 15:03:27',0,0),(343,374,'4月17号：此项目基于同期视频方案预研项目，方案已经确定，正在编写详细设计方案说明书。',0,1,'','',100,'2015-05-22 15:03:27',0,0),(344,375,'完成',0,1,'','',100,'2015-05-22 15:03:27',0,0),(345,376,'完成',0,1,'','',100,'2015-05-22 15:03:27',0,0),(346,377,'完成',0,1,'','',100,'2015-05-22 15:03:27',0,0),(347,378,'完成',0,1,'100','',10,'2015-05-22 15:03:27',0,1),(348,379,'完成',0,22.5,'','',100,'2015-05-22 15:03:27',0,0),(349,380,'完成',0,22.5,'','',100,'2015-05-22 15:03:27',0,0),(350,276,'完成',0,10,'','',1,'2015-05-22 15:15:14',0,0),(351,277,'完成',0,10,'','',1,'2015-05-22 15:15:14',0,0),(352,278,'完成',0,10,'','',1,'2015-05-22 15:15:14',0,0),(353,279,'完成',0,10,'','',1,'2015-05-22 15:15:14',0,0),(354,280,'完成',0,10,'','',1,'2015-05-22 15:15:14',0,0),(355,281,'完成',0,10,'','',1,'2015-05-22 15:15:14',0,0),(356,282,'3月30日：已采购转换器，目前正在试验；                   \n4月3日 ：已确定采用转换器方案，由于目前采购的转换器仅支持4:3分辨率，导致软件可能需要设计两套。因此，接下来就是找到能用于16:9分辨率的转换器，这样软件就不用设计两种方案。已在网上找到转换器，正在申请采购。',0,10,'','',1,'2015-05-22 15:15:15',0,0),(357,283,'完成',0,10,'','',1,'2015-05-22 15:15:15',0,0),(358,284,'完成',0,10,'','',1,'2015-05-22 15:15:15',0,0),(359,285,'完成',0,10,'','',1,'2015-05-22 15:15:15',0,0),(360,286,' 4月30日：通讯协议框架已经确定，完成与2FY通讯调试，需等待视频插件板的到来才能做进一步调试。',0,10,'','',1,'2015-05-22 15:15:15',0,0),(361,388,'111',2,1,'好','',10,'2015-05-22 15:32:36',1,1),(362,388,'100',0,1,'','',100,'2015-05-22 15:35:24',0,0);

#
# Structure for table "product_line"
#

DROP TABLE IF EXISTS `product_line`;
CREATE TABLE `product_line` (
  `Id` int(11) NOT NULL AUTO_INCREMENT,
  `name` varchar(255) DEFAULT 'line1' COMMENT '产品线名',
  `mangerId` int(11) NOT NULL DEFAULT '0' COMMENT '产品线负责人',
  `line_bes` varchar(255) DEFAULT NULL COMMENT '产品线说明',
  PRIMARY KEY (`Id`),
  KEY `mangerId` (`mangerId`),
  CONSTRAINT `product_line_ibfk_1` FOREIGN KEY (`mangerId`) REFERENCES `user` (`user_id`)
) ENGINE=InnoDB AUTO_INCREMENT=5 DEFAULT CHARSET=utf8 COMMENT='产品线';

#
# Data for table "product_line"
#

INSERT INTO `product_line` VALUES (1,'产品线一',8,''),(2,'产品线二',6,NULL),(4,'无',1,NULL);

#
# Structure for table "project"
#

DROP TABLE IF EXISTS `project`;
CREATE TABLE `project` (
  `project_id` int(11) NOT NULL AUTO_INCREMENT,
  `project_name` varchar(255) DEFAULT '' COMMENT '项目名称',
  `project_managerid` int(11) NOT NULL DEFAULT '0' COMMENT '项目负责人',
  `line_id` int(11) DEFAULT '0' COMMENT '所属产品线',
  `project_shortName` varchar(255) DEFAULT NULL COMMENT '项目简称',
  PRIMARY KEY (`project_id`),
  KEY `project_managerid` (`project_managerid`),
  KEY `project_ibfk_2` (`line_id`),
  CONSTRAINT `project_ibfk_2` FOREIGN KEY (`line_id`) REFERENCES `product_line` (`Id`),
  CONSTRAINT `project_ibfk_3` FOREIGN KEY (`project_managerid`) REFERENCES `user` (`user_id`)
) ENGINE=InnoDB AUTO_INCREMENT=30 DEFAULT CHARSET=utf8;

#
# Data for table "project"
#

INSERT INTO `project` VALUES (1,'GLSM-211C电容器智能主控单元',8,1,'GLSM-211C'),(2,'GLSM-211T变压器智能主控单元',8,1,'GLSM-211T'),(3,'GLSI-211智能相控断路器控制单元',8,1,'GLSI-211'),(4,'GLSD-1永磁开关驱动单元',8,1,'GLSD-1'),(5,'GLSC-1永磁开关电容箱',8,1,'GLSC-1'),(6,'SID-453X 电力协议转换器',27,1,'453X'),(7,'SID-DVI网络视频转换器(B型)',27,1,'SID-DVI(B)'),(8,'SID-2FY智能复用同期装置(B型)',8,1,'2FY(B)'),(9,'SID-2AS单同期点微机同期装置(B型)',7,1,'2AS(B)'),(10,'SID-2AF微机同期装置(B型)',7,1,'2AF(B)'),(11,'SID-2CM发电机线路复用微机同期装置(B型)',7,1,'2CM(B)'),(12,'SID-40B 快速无扰动备用电源替续控制系统（升级）',6,2,'40B升级'),(13,'SID-40B 快速无扰动备用电源替续控制系统（B型）',6,2,'40B(B)'),(14,'SID-2AM交流电动机双向电源切换控制器(B型)',6,2,'2AM(B)'),(15,'SID-3YL微机涌流抑制器（B型）',6,2,'3YL(B)'),(16,'SID-PLAD装置自动测试台',17,4,'PLAD'),(17,'SID-BTP1开关机械磨合测试台',17,4,'BTP1'),(18,'61850功能消缺项目',29,4,'61850方向一'),(19,'61850功能优化项目',29,4,'61850方向二'),(20,'长距离传输高清视频方案（预研）',27,1,'同期视频方案'),(21,'40B(B)装置与准快速开关配合使用(预研)',10,2,'40B(B)与准快速开关配合'),(22,'GLSV-ZNH3-12永磁真空断路器（预研）',5,4,'GLSV-ZNH3-12'),(23,'GLSV-ZNH5-40.5永磁真空断路器（预研）',5,4,'GLSV-ZNH5-40.5'),(24,'12kV斥力机构快速真空断路器(预研)',5,4,'12kV快速开关'),(25,'12kV永磁机构快速真空断路器(预研)',5,4,'12kV准快速开关'),(26,'GLSV-ZNH1-12（标准型）永磁真空断路器（优化）',5,4,'GLSV-ZNH1-12（标准型）'),(27,'GLSV-ZNH1-12(固定式）永磁真空断路器（预研）',5,4,'GLSV-ZNH1-12(固定式）'),(28,'GLSV-ZNH1-12(快动型）永磁真空断路器（预研）',5,4,'GLSV-ZNH1-12(快动型）'),(29,'GLSV-ZNH4-12（手车式）弹簧机构真空断路器（预研）',5,4,'GLSV-ZNH4-12');

#
# Structure for table "project_member"
#

DROP TABLE IF EXISTS `project_member`;
CREATE TABLE `project_member` (
  `Id` int(11) NOT NULL AUTO_INCREMENT,
  `prj_id` int(11) NOT NULL DEFAULT '0' COMMENT '项目id',
  `prj_memberId` int(11) NOT NULL DEFAULT '0' COMMENT '成员id',
  PRIMARY KEY (`Id`),
  KEY `prj_id` (`prj_id`),
  KEY `prj_memberId` (`prj_memberId`),
  CONSTRAINT `project_member_ibfk_1` FOREIGN KEY (`prj_id`) REFERENCES `project` (`project_id`),
  CONSTRAINT `project_member_ibfk_2` FOREIGN KEY (`prj_memberId`) REFERENCES `user` (`user_id`)
) ENGINE=InnoDB AUTO_INCREMENT=201 DEFAULT CHARSET=utf8;

#
# Data for table "project_member"
#

INSERT INTO `project_member` VALUES (36,2,18),(37,2,8),(38,2,7),(39,2,31),(40,2,27),(41,2,22),(42,2,34),(43,1,27),(44,1,8),(45,1,7),(46,1,31),(47,1,34),(48,1,18),(49,1,22),(55,3,7),(56,3,31),(57,3,8),(58,3,22),(59,3,19),(60,3,34),(61,4,8),(62,4,28),(63,4,34),(64,4,18),(67,5,34),(68,5,17),(69,5,8),(70,6,8),(71,6,27),(72,6,36),(73,6,17),(79,8,8),(80,8,27),(81,8,31),(82,8,19),(83,8,36),(84,8,23),(86,9,36),(87,9,22),(88,9,17),(89,9,7),(90,9,28),(91,9,8),(92,10,17),(93,10,28),(94,10,7),(95,10,8),(96,10,36),(97,10,22),(98,11,17),(99,11,28),(100,11,8),(101,11,7),(102,11,22),(103,11,36),(104,12,18),(105,12,6),(106,12,10),(107,12,29),(108,12,23),(109,12,33),(110,13,35),(111,13,6),(112,13,31),(113,13,10),(114,13,19),(115,13,23),(116,14,18),(117,14,29),(118,14,10),(119,14,41),(120,14,23),(121,14,6),(122,15,29),(123,15,37),(124,15,4),(125,15,23),(126,15,18),(127,16,42),(128,16,28),(129,16,17),(130,17,30),(131,17,15),(132,17,31),(133,17,17),(134,17,7),(135,18,29),(136,19,8),(137,19,4),(138,19,29),(139,19,30),(140,20,18),(141,20,27),(142,20,8),(143,20,21),(144,21,6),(145,21,23),(146,21,10),(147,22,5),(148,22,12),(149,22,13),(150,22,14),(151,22,15),(152,22,11),(153,23,15),(154,23,13),(155,23,11),(156,23,12),(157,23,14),(158,23,5),(159,24,5),(160,24,11),(161,24,15),(162,24,13),(163,24,14),(164,24,12),(165,26,15),(166,26,11),(167,26,14),(168,26,13),(169,26,12),(170,26,5),(171,25,14),(172,25,15),(173,25,11),(174,25,13),(175,25,12),(176,25,5),(177,27,14),(178,27,11),(179,27,15),(180,27,13),(181,27,12),(182,27,5),(183,28,13),(184,28,11),(185,28,12),(186,28,14),(187,28,15),(188,28,5),(189,29,11),(190,29,12),(191,29,13),(192,29,14),(193,29,15),(194,29,5),(195,7,32),(196,7,8),(197,7,36),(198,7,22),(199,7,18),(200,7,27);

#
# Structure for table "change_task"
#

DROP TABLE IF EXISTS `change_task`;
CREATE TABLE `change_task` (
  `change_id` int(11) NOT NULL AUTO_INCREMENT COMMENT '主键变更条目',
  `change_item` int(11) NOT NULL DEFAULT '0' COMMENT '变更类型，0变跟时间，1变更进度，2任务扩展,3恢复挂起的任务',
  `change_content` varchar(255) DEFAULT NULL COMMENT '变更内容',
  `change_time` datetime NOT NULL DEFAULT '0000-00-00 00:00:00' COMMENT '变更时间申请时间',
  `change_reason` varchar(255) NOT NULL DEFAULT '' COMMENT '变更原因',
  `change_taskid` int(11) DEFAULT NULL COMMENT '变更关联任务id，外键',
  `change_bakId` int(11) DEFAULT NULL COMMENT '任务变更前的任务的信息。包含时间的变化等。为空则为任务扩展。',
  `review_content` varchar(255) NOT NULL DEFAULT '不同意' COMMENT '评审人意见',
  `general_manager_review` varchar(255) NOT NULL DEFAULT '不同意' COMMENT '副总意见',
  `general_manager_id` int(11) DEFAULT NULL COMMENT '研发副总ID',
  `auditor_id` int(11) DEFAULT NULL COMMENT '审核人Id',
  `audior_date` datetime NOT NULL DEFAULT '0000-00-00 00:00:00' COMMENT '部门经理审核日期',
  `general_date` datetime NOT NULL DEFAULT '0000-00-00 00:00:00' COMMENT '副总审核日期',
  `status` int(11) DEFAULT '0' COMMENT '变更结果',
  PRIMARY KEY (`change_id`),
  KEY `change_taskid` (`change_taskid`),
  KEY `general_manager_id` (`general_manager_id`),
  KEY `auditor_id` (`auditor_id`),
  KEY `change_bakId` (`change_bakId`),
  CONSTRAINT `change_task_ibfk_1` FOREIGN KEY (`change_taskid`) REFERENCES `task` (`task_id`),
  CONSTRAINT `change_task_ibfk_2` FOREIGN KEY (`change_bakId`) REFERENCES `task` (`task_id`),
  CONSTRAINT `change_task_ibfk_3` FOREIGN KEY (`general_manager_id`) REFERENCES `user` (`user_id`),
  CONSTRAINT `change_task_ibfk_4` FOREIGN KEY (`auditor_id`) REFERENCES `user` (`user_id`)
) ENGINE=InnoDB DEFAULT CHARSET=utf8 COMMENT='变更';

#
# Data for table "change_task"
#

